-- phpMyAdmin SQL Dump
-- version 4.9.0.1
-- https://www.phpmyadmin.net/
--
-- Host: sql204.infinityfree.com
-- Waktu pembuatan: 13 Des 2025 pada 09.30
-- Versi server: 11.4.7-MariaDB
-- Versi PHP: 7.2.22

SET SQL_MODE = "NO_AUTO_VALUE_ON_ZERO";
SET AUTOCOMMIT = 0;
START TRANSACTION;
SET time_zone = "+00:00";


/*!40101 SET @OLD_CHARACTER_SET_CLIENT=@@CHARACTER_SET_CLIENT */;
/*!40101 SET @OLD_CHARACTER_SET_RESULTS=@@CHARACTER_SET_RESULTS */;
/*!40101 SET @OLD_COLLATION_CONNECTION=@@COLLATION_CONNECTION */;
/*!40101 SET NAMES utf8mb4 */;

--
-- Database: `if0_40090928_penilaian_akademik`
--

-- --------------------------------------------------------

--
-- Struktur dari tabel `classes`
--

CREATE TABLE `classes` (
  `id` int(11) NOT NULL,
  `name` varchar(50) NOT NULL,
  `teacher_id` int(11) DEFAULT NULL
) ENGINE=InnoDB DEFAULT CHARSET=utf8mb4 COLLATE=utf8mb4_general_ci;

--
-- Dumping data untuk tabel `classes`
--

INSERT INTO `classes` (`id`, `name`, `teacher_id`) VALUES
(4, '7A', 2),
(5, '7B', 2),
(6, '7C', 2),
(7, '7D', 2),
(8, '7E', 2),
(9, '7F', 2),
(10, '7G', 2),
(12, '8A', 2),
(13, '8B', 2),
(14, '8C', 2),
(15, '8D', 2),
(16, '8E', 2),
(17, '8F', 2),
(18, '8G', 2),
(20, '9A', 2),
(21, '9B', 2),
(22, '9C', 2),
(23, '9D', 2),
(24, '9E', 2),
(25, '9F', 2),
(26, '9G', 2);

-- --------------------------------------------------------

--
-- Struktur dari tabel `mapel`
--

CREATE TABLE `mapel` (
  `id` int(11) NOT NULL,
  `nama_mapel` varchar(100) NOT NULL
) ENGINE=InnoDB DEFAULT CHARSET=utf8mb4 COLLATE=utf8mb4_general_ci;

--
-- Dumping data untuk tabel `mapel`
--

INSERT INTO `mapel` (`id`, `nama_mapel`) VALUES
(1, 'Bahasa Indonesia'),
(2, 'Bahasa Inggris'),
(3, 'Informatika'),
(4, 'IPA'),
(5, 'IPS'),
(6, 'Matematika'),
(7, 'PJOK'),
(8, 'PPKN'),
(9, 'Prakarya'),
(10, 'Seni Budaya');

-- --------------------------------------------------------

--
-- Struktur dari tabel `scores`
--

CREATE TABLE `scores` (
  `id` int(11) NOT NULL AUTO_INCREMENT PRIMARY KEY,
  `student_id` int(11) DEFAULT NULL,
  `mapel_id` int(11) DEFAULT NULL,
  `sumatif_a` int(11) DEFAULT NULL,
  `sumatif_b` int(11) DEFAULT NULL,
  `sumatif_c` int(11) DEFAULT NULL,
  `sumatif_d` int(11) DEFAULT NULL,
  `sumatif_e` int(11) DEFAULT NULL,
  `asts` int(11) DEFAULT NULL,
  `asas` int(11) DEFAULT NULL,
  `avg_sumatif` decimal(5,2) DEFAULT NULL,
  `avg_asts_asas` decimal(5,2) DEFAULT NULL,
  `raport_score` decimal(5,2) DEFAULT NULL,
  `description` text
) ;

--
-- Dumping data untuk tabel `scores`
--

INSERT INTO `scores` (`id`, `student_id`, `mapel_id`, `sumatif_a`, `sumatif_b`, `sumatif_c`, `sumatif_d`, `sumatif_e`, `asts`, `asas`, `avg_sumatif`, `avg_asts_asas`, `raport_score`, `description`) VALUES
(146, 324, 4, 73, 69, 99, 65, 88, 70, 83, '78.80', '76.50', '77.88', 'cukup dalam memahami konsep dasar gaya, energi, dan materi. cukup dalam melakukan pengamatan dan percobaan sederhana. memiliki kemampuan sangat baik dalam menganalisis hubungan antar makhluk hidup dan lingkungannya. cukup dalam menjelaskan perubahan wujud benda dan prosesnya. memiliki kemampuan sangat baik dalam menerapkan konsep ilmiah dalam kehidupan sehari-hari'),
(147, 354, 4, 68, 94, 81, 93, 88, 100, 69, '84.80', '84.50', '84.68', 'cukup dalam memahami konsep dasar gaya, energi, dan materi. memiliki kemampuan sangat baik dalam melakukan pengamatan dan percobaan sederhana. baik dalam menganalisis hubungan antar makhluk hidup dan lingkungannya. memiliki kemampuan sangat baik dalam menjelaskan perubahan wujud benda dan prosesnya. memiliki kemampuan sangat baik dalam menerapkan konsep ilmiah dalam kehidupan sehari-hari'),
(148, 350, 4, 76, 64, 67, 80, 70, 100, 82, '71.40', '91.00', '79.24', 'baik dalam memahami konsep dasar gaya, energi, dan materi. cukup dalam melakukan pengamatan dan percobaan sederhana. cukup dalam menganalisis hubungan antar makhluk hidup dan lingkungannya. baik dalam menjelaskan perubahan wujud benda dan prosesnya. cukup dalam menerapkan konsep ilmiah dalam kehidupan sehari-hari'),
(149, 328, 4, 89, 96, 65, 65, 99, 84, 60, '82.80', '72.00', '78.48', 'memiliki kemampuan sangat baik dalam memahami konsep dasar gaya, energi, dan materi. memiliki kemampuan sangat baik dalam melakukan pengamatan dan percobaan sederhana. cukup dalam menganalisis hubungan antar makhluk hidup dan lingkungannya. cukup dalam menjelaskan perubahan wujud benda dan prosesnya. memiliki kemampuan sangat baik dalam menerapkan konsep ilmiah dalam kehidupan sehari-hari'),
(150, 347, 4, 92, 64, 98, 97, 90, 93, 77, '88.20', '85.00', '86.92', 'memiliki kemampuan sangat baik dalam memahami konsep dasar gaya, energi, dan materi. cukup dalam melakukan pengamatan dan percobaan sederhana. memiliki kemampuan sangat baik dalam menganalisis hubungan antar makhluk hidup dan lingkungannya. memiliki kemampuan sangat baik dalam menjelaskan perubahan wujud benda dan prosesnya. memiliki kemampuan sangat baik dalam menerapkan konsep ilmiah dalam kehidupan sehari-hari'),
(151, 340, 4, 78, 94, 93, 74, 61, 81, 65, '80.00', '73.00', '77.20', 'baik dalam memahami konsep dasar gaya, energi, dan materi. memiliki kemampuan sangat baik dalam melakukan pengamatan dan percobaan sederhana. memiliki kemampuan sangat baik dalam menganalisis hubungan antar makhluk hidup dan lingkungannya. cukup dalam menjelaskan perubahan wujud benda dan prosesnya. cukup dalam menerapkan konsep ilmiah dalam kehidupan sehari-hari'),
(152, 351, 4, 82, 71, 95, 62, 90, 61, 85, '80.00', '73.00', '77.20', 'baik dalam memahami konsep dasar gaya, energi, dan materi. cukup dalam melakukan pengamatan dan percobaan sederhana. memiliki kemampuan sangat baik dalam menganalisis hubungan antar makhluk hidup dan lingkungannya. cukup dalam menjelaskan perubahan wujud benda dan prosesnya. memiliki kemampuan sangat baik dalam menerapkan konsep ilmiah dalam kehidupan sehari-hari'),
(153, 325, 4, 70, 83, 70, 79, 69, 71, 94, '74.20', '82.50', '77.52', 'cukup dalam memahami konsep dasar gaya, energi, dan materi. baik dalam melakukan pengamatan dan percobaan sederhana. cukup dalam menganalisis hubungan antar makhluk hidup dan lingkungannya. baik dalam menjelaskan perubahan wujud benda dan prosesnya. cukup dalam menerapkan konsep ilmiah dalam kehidupan sehari-hari'),
(154, 334, 4, 71, 88, 99, 61, 70, 81, 99, '77.80', '90.00', '82.68', 'cukup dalam memahami konsep dasar gaya, energi, dan materi. memiliki kemampuan sangat baik dalam melakukan pengamatan dan percobaan sederhana. memiliki kemampuan sangat baik dalam menganalisis hubungan antar makhluk hidup dan lingkungannya. cukup dalam menjelaskan perubahan wujud benda dan prosesnya. cukup dalam menerapkan konsep ilmiah dalam kehidupan sehari-hari'),
(155, 344, 4, 62, 94, 78, 63, 64, 82, 62, '72.20', '72.00', '72.12', 'cukup dalam memahami konsep dasar gaya, energi, dan materi. memiliki kemampuan sangat baik dalam melakukan pengamatan dan percobaan sederhana. baik dalam menganalisis hubungan antar makhluk hidup dan lingkungannya. cukup dalam menjelaskan perubahan wujud benda dan prosesnya. cukup dalam menerapkan konsep ilmiah dalam kehidupan sehari-hari'),
(156, 324, 5, 88, 98, 85, 97, 60, 98, 64, '85.60', '81.00', '83.76', 'sangat baik dalam memahami interaksi sosial dalam kehidupan masyarakat; sangat baik dalam menjelaskan peristiwa sejarah dan pengaruhnya; baik dalam menganalisis kegiatan ekonomi masyarakat; sangat baik dalam mengidentifikasi kondisi geografis wilayah Indonesia; cukup dalam menunjukkan sikap tanggung jawab sebagai warga negara'),
(157, 354, 5, 94, 69, 86, 65, 78, 70, 75, '78.40', '72.50', '76.04', 'sangat baik dalam memahami interaksi sosial dalam kehidupan masyarakat; cukup dalam menjelaskan peristiwa sejarah dan pengaruhnya; baik dalam menganalisis kegiatan ekonomi masyarakat; cukup dalam mengidentifikasi kondisi geografis wilayah Indonesia; baik dalam menunjukkan sikap tanggung jawab sebagai warga negara'),
(158, 350, 5, 66, 70, 86, 90, 91, 100, 85, '80.60', '92.50', '85.36', 'cukup dalam memahami interaksi sosial dalam kehidupan masyarakat; cukup dalam menjelaskan peristiwa sejarah dan pengaruhnya; baik dalam menganalisis kegiatan ekonomi masyarakat; sangat baik dalam mengidentifikasi kondisi geografis wilayah Indonesia; sangat baik dalam menunjukkan sikap tanggung jawab sebagai warga negara'),
(159, 328, 5, 80, 100, 100, 60, 89, 69, 70, '85.80', '69.50', '79.28', 'baik dalam memahami interaksi sosial dalam kehidupan masyarakat; sangat baik dalam menjelaskan peristiwa sejarah dan pengaruhnya; sangat baik dalam menganalisis kegiatan ekonomi masyarakat; cukup dalam mengidentifikasi kondisi geografis wilayah Indonesia; sangat baik dalam menunjukkan sikap tanggung jawab sebagai warga negara'),
(160, 347, 5, 99, 80, 77, 94, 99, 78, 79, '89.80', '78.50', '85.28', 'sangat baik dalam memahami interaksi sosial dalam kehidupan masyarakat; baik dalam menjelaskan peristiwa sejarah dan pengaruhnya; baik dalam menganalisis kegiatan ekonomi masyarakat; sangat baik dalam mengidentifikasi kondisi geografis wilayah Indonesia; sangat baik dalam menunjukkan sikap tanggung jawab sebagai warga negara'),
(161, 340, 5, 69, 62, 61, 68, 64, 75, 88, '64.80', '81.50', '71.48', 'cukup dalam memahami interaksi sosial dalam kehidupan masyarakat; cukup dalam menjelaskan peristiwa sejarah dan pengaruhnya; cukup dalam menganalisis kegiatan ekonomi masyarakat; cukup dalam mengidentifikasi kondisi geografis wilayah Indonesia; cukup dalam menunjukkan sikap tanggung jawab sebagai warga negara'),
(162, 351, 5, 74, 71, 64, 76, 76, 63, 86, '72.20', '74.50', '73.12', 'cukup dalam memahami interaksi sosial dalam kehidupan masyarakat; cukup dalam menjelaskan peristiwa sejarah dan pengaruhnya; cukup dalam menganalisis kegiatan ekonomi masyarakat; baik dalam mengidentifikasi kondisi geografis wilayah Indonesia; baik dalam menunjukkan sikap tanggung jawab sebagai warga negara'),
(163, 325, 5, 85, 99, 69, 85, 62, 100, 65, '80.00', '82.50', '81.00', 'baik dalam memahami interaksi sosial dalam kehidupan masyarakat; sangat baik dalam menjelaskan peristiwa sejarah dan pengaruhnya; cukup dalam menganalisis kegiatan ekonomi masyarakat; baik dalam mengidentifikasi kondisi geografis wilayah Indonesia; cukup dalam menunjukkan sikap tanggung jawab sebagai warga negara'),
(164, 334, 5, 81, 89, 70, 100, 77, 76, 73, '83.40', '74.50', '79.84', 'baik dalam memahami interaksi sosial dalam kehidupan masyarakat; sangat baik dalam menjelaskan peristiwa sejarah dan pengaruhnya; cukup dalam menganalisis kegiatan ekonomi masyarakat; sangat baik dalam mengidentifikasi kondisi geografis wilayah Indonesia; baik dalam menunjukkan sikap tanggung jawab sebagai warga negara'),
(165, 344, 5, 60, 92, 80, 77, 97, 98, 84, '81.20', '91.00', '85.12', 'cukup dalam memahami interaksi sosial dalam kehidupan masyarakat; sangat baik dalam menjelaskan peristiwa sejarah dan pengaruhnya; baik dalam menganalisis kegiatan ekonomi masyarakat; baik dalam mengidentifikasi kondisi geografis wilayah Indonesia; sangat baik dalam menunjukkan sikap tanggung jawab sebagai warga negara'),
(166, 346, 5, NULL, NULL, NULL, NULL, NULL, NULL, NULL, NULL, NULL, NULL, '-'),
(167, 330, 5, NULL, NULL, NULL, NULL, NULL, NULL, NULL, NULL, NULL, NULL, '-'),
(168, 337, 5, NULL, NULL, NULL, NULL, NULL, NULL, NULL, NULL, NULL, NULL, '-'),
(169, 348, 5, NULL, NULL, NULL, NULL, NULL, NULL, NULL, NULL, NULL, NULL, '-'),
(170, 332, 5, NULL, NULL, NULL, NULL, NULL, NULL, NULL, NULL, NULL, NULL, '-'),
(171, 342, 5, NULL, NULL, NULL, NULL, NULL, NULL, NULL, NULL, NULL, NULL, '-'),
(172, 345, 5, NULL, NULL, NULL, NULL, NULL, NULL, NULL, NULL, NULL, NULL, '-'),
(173, 329, 5, NULL, NULL, NULL, NULL, NULL, NULL, NULL, NULL, NULL, NULL, '-'),
(174, 333, 5, NULL, NULL, NULL, NULL, NULL, NULL, NULL, NULL, NULL, NULL, '-'),
(175, 353, 5, NULL, NULL, NULL, NULL, NULL, NULL, NULL, NULL, NULL, NULL, '-'),
(176, 335, 5, NULL, NULL, NULL, NULL, NULL, NULL, NULL, NULL, NULL, NULL, '-'),
(177, 341, 5, NULL, NULL, NULL, NULL, NULL, NULL, NULL, NULL, NULL, NULL, '-'),
(178, 331, 5, NULL, NULL, NULL, NULL, NULL, NULL, NULL, NULL, NULL, NULL, '-'),
(179, 338, 5, NULL, NULL, NULL, NULL, NULL, NULL, NULL, NULL, NULL, NULL, '-'),
(180, 343, 5, NULL, NULL, NULL, NULL, NULL, NULL, NULL, NULL, NULL, NULL, '-'),
(181, 352, 5, NULL, NULL, NULL, NULL, NULL, NULL, NULL, NULL, NULL, NULL, '-'),
(182, 326, 5, NULL, NULL, NULL, NULL, NULL, NULL, NULL, NULL, NULL, NULL, '-'),
(183, 339, 5, NULL, NULL, NULL, NULL, NULL, NULL, NULL, NULL, NULL, NULL, '-'),
(184, 327, 5, NULL, NULL, NULL, NULL, NULL, NULL, NULL, NULL, NULL, NULL, '-'),
(185, 349, 5, NULL, NULL, NULL, NULL, NULL, NULL, NULL, NULL, NULL, NULL, '-'),
(186, 355, 5, NULL, NULL, NULL, NULL, NULL, NULL, NULL, NULL, NULL, NULL, '-'),
(187, 336, 5, NULL, NULL, NULL, NULL, NULL, NULL, NULL, NULL, NULL, NULL, '-'),
(188, 568, 4, 84, 83, 98, 90, 63, 96, 100, '83.60', '98.00', '89.36', 'baik dalam memahami konsep dasar gaya, energi, dan materi; baik dalam melakukan pengamatan dan percobaan sederhana; sangat baik dalam menganalisis hubungan antar makhluk hidup dan lingkungannya; sangat baik dalam menjelaskan perubahan wujud benda dan prosesnya; cukup dalam menerapkan konsep ilmiah dalam kehidupan sehari-hari'),
(189, 569, 4, 83, 72, 78, 75, 100, 91, 100, '81.60', '95.50', '87.16', 'baik dalam memahami konsep dasar gaya, energi, dan materi; cukup dalam melakukan pengamatan dan percobaan sederhana; baik dalam menganalisis hubungan antar makhluk hidup dan lingkungannya; baik dalam menjelaskan perubahan wujud benda dan prosesnya; sangat baik dalam menerapkan konsep ilmiah dalam kehidupan sehari-hari'),
(190, 570, 4, 81, 76, 67, 63, 77, 87, 82, '72.80', '84.50', '77.48', 'baik dalam memahami konsep dasar gaya, energi, dan materi; baik dalam melakukan pengamatan dan percobaan sederhana; cukup dalam menganalisis hubungan antar makhluk hidup dan lingkungannya; cukup dalam menjelaskan perubahan wujud benda dan prosesnya; baik dalam menerapkan konsep ilmiah dalam kehidupan sehari-hari'),
(191, 571, 4, 87, 87, 75, 87, 89, 65, 84, '85.00', '74.50', '80.80', 'baik dalam memahami konsep dasar gaya, energi, dan materi; baik dalam melakukan pengamatan dan percobaan sederhana; baik dalam menganalisis hubungan antar makhluk hidup dan lingkungannya; baik dalam menjelaskan perubahan wujud benda dan prosesnya; sangat baik dalam menerapkan konsep ilmiah dalam kehidupan sehari-hari'),
(192, 572, 4, 81, 88, 85, 73, 74, 74, 89, '80.20', '81.50', '80.72', 'baik dalam memahami konsep dasar gaya, energi, dan materi; sangat baik dalam melakukan pengamatan dan percobaan sederhana; baik dalam menganalisis hubungan antar makhluk hidup dan lingkungannya; cukup dalam menjelaskan perubahan wujud benda dan prosesnya; cukup dalam menerapkan konsep ilmiah dalam kehidupan sehari-hari'),
(193, 573, 4, 81, 65, 75, 85, 82, 83, 95, '77.60', '89.00', '82.16', 'baik dalam memahami konsep dasar gaya, energi, dan materi; cukup dalam melakukan pengamatan dan percobaan sederhana; baik dalam menganalisis hubungan antar makhluk hidup dan lingkungannya; baik dalam menjelaskan perubahan wujud benda dan prosesnya; baik dalam menerapkan konsep ilmiah dalam kehidupan sehari-hari'),
(194, 548, 4, 63, 90, 68, 80, 65, 65, 64, '73.20', '64.50', '69.72', 'cukup dalam memahami konsep dasar gaya, energi, dan materi; sangat baik dalam melakukan pengamatan dan percobaan sederhana; cukup dalam menganalisis hubungan antar makhluk hidup dan lingkungannya; baik dalam menjelaskan perubahan wujud benda dan prosesnya; cukup dalam menerapkan konsep ilmiah dalam kehidupan sehari-hari'),
(195, 574, 4, 77, 66, 80, 75, 96, 61, 84, '78.80', '72.50', '76.28', 'baik dalam memahami konsep dasar gaya, energi, dan materi; cukup dalam melakukan pengamatan dan percobaan sederhana; baik dalam menganalisis hubungan antar makhluk hidup dan lingkungannya; baik dalam menjelaskan perubahan wujud benda dan prosesnya; sangat baik dalam menerapkan konsep ilmiah dalam kehidupan sehari-hari'),
(196, 549, 4, 64, 79, 93, 72, 93, 71, 71, '80.20', '71.00', '76.52', 'cukup dalam memahami konsep dasar gaya, energi, dan materi; baik dalam melakukan pengamatan dan percobaan sederhana; sangat baik dalam menganalisis hubungan antar makhluk hidup dan lingkungannya; cukup dalam menjelaskan perubahan wujud benda dan prosesnya; sangat baik dalam menerapkan konsep ilmiah dalam kehidupan sehari-hari'),
(197, 575, 4, 76, 84, 71, 66, 64, 78, 71, '72.20', '74.50', '73.12', 'baik dalam memahami konsep dasar gaya, energi, dan materi; baik dalam melakukan pengamatan dan percobaan sederhana; cukup dalam menganalisis hubungan antar makhluk hidup dan lingkungannya; cukup dalam menjelaskan perubahan wujud benda dan prosesnya; cukup dalam menerapkan konsep ilmiah dalam kehidupan sehari-hari'),
(198, 550, 4, NULL, NULL, NULL, NULL, NULL, NULL, NULL, NULL, NULL, NULL, '-'),
(199, 576, 4, NULL, NULL, NULL, NULL, NULL, NULL, NULL, NULL, NULL, NULL, '-'),
(200, 551, 4, NULL, NULL, NULL, NULL, NULL, NULL, NULL, NULL, NULL, NULL, '-'),
(201, 577, 4, NULL, NULL, NULL, NULL, NULL, NULL, NULL, NULL, NULL, NULL, '-'),
(202, 578, 4, NULL, NULL, NULL, NULL, NULL, NULL, NULL, NULL, NULL, NULL, '-'),
(203, 552, 4, NULL, NULL, NULL, NULL, NULL, NULL, NULL, NULL, NULL, NULL, '-'),
(204, 553, 4, NULL, NULL, NULL, NULL, NULL, NULL, NULL, NULL, NULL, NULL, '-'),
(205, 579, 4, NULL, NULL, NULL, NULL, NULL, NULL, NULL, NULL, NULL, NULL, '-'),
(206, 554, 4, NULL, NULL, NULL, NULL, NULL, NULL, NULL, NULL, NULL, NULL, '-'),
(207, 555, 4, NULL, NULL, NULL, NULL, NULL, NULL, NULL, NULL, NULL, NULL, '-'),
(208, 556, 4, NULL, NULL, NULL, NULL, NULL, NULL, NULL, NULL, NULL, NULL, '-'),
(209, 557, 4, NULL, NULL, NULL, NULL, NULL, NULL, NULL, NULL, NULL, NULL, '-'),
(210, 558, 4, NULL, NULL, NULL, NULL, NULL, NULL, NULL, NULL, NULL, NULL, '-'),
(211, 559, 4, NULL, NULL, NULL, NULL, NULL, NULL, NULL, NULL, NULL, NULL, '-'),
(212, 560, 4, NULL, NULL, NULL, NULL, NULL, NULL, NULL, NULL, NULL, NULL, '-'),
(213, 561, 4, NULL, NULL, NULL, NULL, NULL, NULL, NULL, NULL, NULL, NULL, '-'),
(214, 562, 4, NULL, NULL, NULL, NULL, NULL, NULL, NULL, NULL, NULL, NULL, '-'),
(215, 563, 4, NULL, NULL, NULL, NULL, NULL, NULL, NULL, NULL, NULL, NULL, '-'),
(216, 564, 4, NULL, NULL, NULL, NULL, NULL, NULL, NULL, NULL, NULL, NULL, '-'),
(217, 565, 4, NULL, NULL, NULL, NULL, NULL, NULL, NULL, NULL, NULL, NULL, '-'),
(218, 566, 4, NULL, NULL, NULL, NULL, NULL, NULL, NULL, NULL, NULL, NULL, '-'),
(219, 567, 4, NULL, NULL, NULL, NULL, NULL, NULL, NULL, NULL, NULL, NULL, '-'),
(223, 568, 5, 89, 82, 98, 65, 86, 94, 88, '84.00', '91.00', '86.80', 'sangat baik dalam memahami interaksi sosial dalam kehidupan masyarakat; baik dalam menjelaskan peristiwa sejarah dan pengaruhnya; sangat baik dalam menganalisis kegiatan ekonomi masyarakat; cukup dalam mengidentifikasi kondisi geografis wilayah Indonesia; baik dalam menunjukkan sikap tanggung jawab sebagai warga negara'),
(224, 569, 5, 98, 94, 69, 73, 62, 88, 62, '79.20', '75.00', '77.52', 'sangat baik dalam memahami interaksi sosial dalam kehidupan masyarakat; sangat baik dalam menjelaskan peristiwa sejarah dan pengaruhnya; cukup dalam menganalisis kegiatan ekonomi masyarakat; cukup dalam mengidentifikasi kondisi geografis wilayah Indonesia; cukup dalam menunjukkan sikap tanggung jawab sebagai warga negara'),
(225, 570, 5, 80, 67, 61, 70, 97, 100, 68, '75.00', '84.00', '78.60', 'baik dalam memahami interaksi sosial dalam kehidupan masyarakat; cukup dalam menjelaskan peristiwa sejarah dan pengaruhnya; cukup dalam menganalisis kegiatan ekonomi masyarakat; cukup dalam mengidentifikasi kondisi geografis wilayah Indonesia; sangat baik dalam menunjukkan sikap tanggung jawab sebagai warga negara'),
(226, 571, 5, 70, 77, 66, 100, 79, 62, 68, '78.40', '65.00', '73.04', 'cukup dalam memahami interaksi sosial dalam kehidupan masyarakat; baik dalam menjelaskan peristiwa sejarah dan pengaruhnya; cukup dalam menganalisis kegiatan ekonomi masyarakat; sangat baik dalam mengidentifikasi kondisi geografis wilayah Indonesia; baik dalam menunjukkan sikap tanggung jawab sebagai warga negara'),
(227, 572, 5, 80, 68, 83, 83, 63, 80, 75, '75.40', '77.50', '76.24', 'baik dalam memahami interaksi sosial dalam kehidupan masyarakat; cukup dalam menjelaskan peristiwa sejarah dan pengaruhnya; baik dalam menganalisis kegiatan ekonomi masyarakat; baik dalam mengidentifikasi kondisi geografis wilayah Indonesia; cukup dalam menunjukkan sikap tanggung jawab sebagai warga negara'),
(228, 573, 5, 60, 80, 96, 98, 82, 66, 97, '83.20', '81.50', '82.52', 'cukup dalam memahami interaksi sosial dalam kehidupan masyarakat; baik dalam menjelaskan peristiwa sejarah dan pengaruhnya; sangat baik dalam menganalisis kegiatan ekonomi masyarakat; sangat baik dalam mengidentifikasi kondisi geografis wilayah Indonesia; baik dalam menunjukkan sikap tanggung jawab sebagai warga negara'),
(229, 548, 5, 85, 98, 82, 77, 64, 90, 69, '81.20', '79.50', '80.52', 'baik dalam memahami interaksi sosial dalam kehidupan masyarakat; sangat baik dalam menjelaskan peristiwa sejarah dan pengaruhnya; baik dalam menganalisis kegiatan ekonomi masyarakat; baik dalam mengidentifikasi kondisi geografis wilayah Indonesia; cukup dalam menunjukkan sikap tanggung jawab sebagai warga negara'),
(230, 574, 5, 87, 65, 62, 76, 93, 88, 76, '76.60', '82.00', '78.76', 'baik dalam memahami interaksi sosial dalam kehidupan masyarakat; cukup dalam menjelaskan peristiwa sejarah dan pengaruhnya; cukup dalam menganalisis kegiatan ekonomi masyarakat; baik dalam mengidentifikasi kondisi geografis wilayah Indonesia; sangat baik dalam menunjukkan sikap tanggung jawab sebagai warga negara'),
(231, 549, 5, 80, 78, 70, 86, 92, 65, 68, '81.20', '66.50', '75.32', 'baik dalam memahami interaksi sosial dalam kehidupan masyarakat; baik dalam menjelaskan peristiwa sejarah dan pengaruhnya; cukup dalam menganalisis kegiatan ekonomi masyarakat; baik dalam mengidentifikasi kondisi geografis wilayah Indonesia; sangat baik dalam menunjukkan sikap tanggung jawab sebagai warga negara'),
(232, 575, 5, 91, 66, 62, 94, 83, 88, 61, '79.20', '74.50', '77.32', 'sangat baik dalam memahami interaksi sosial dalam kehidupan masyarakat; cukup dalam menjelaskan peristiwa sejarah dan pengaruhnya; cukup dalam menganalisis kegiatan ekonomi masyarakat; sangat baik dalam mengidentifikasi kondisi geografis wilayah Indonesia; baik dalam menunjukkan sikap tanggung jawab sebagai warga negara'),
(233, 550, 5, NULL, NULL, NULL, NULL, NULL, NULL, NULL, NULL, NULL, NULL, '-'),
(234, 576, 5, NULL, NULL, NULL, NULL, NULL, NULL, NULL, NULL, NULL, NULL, '-'),
(235, 551, 5, NULL, NULL, NULL, NULL, NULL, NULL, NULL, NULL, NULL, NULL, '-'),
(236, 577, 5, NULL, NULL, NULL, NULL, NULL, NULL, NULL, NULL, NULL, NULL, '-'),
(237, 578, 5, NULL, NULL, NULL, NULL, NULL, NULL, NULL, NULL, NULL, NULL, '-'),
(238, 552, 5, NULL, NULL, NULL, NULL, NULL, NULL, NULL, NULL, NULL, NULL, '-'),
(239, 553, 5, NULL, NULL, NULL, NULL, NULL, NULL, NULL, NULL, NULL, NULL, '-'),
(240, 579, 5, NULL, NULL, NULL, NULL, NULL, NULL, NULL, NULL, NULL, NULL, '-'),
(241, 554, 5, NULL, NULL, NULL, NULL, NULL, NULL, NULL, NULL, NULL, NULL, '-'),
(242, 555, 5, NULL, NULL, NULL, NULL, NULL, NULL, NULL, NULL, NULL, NULL, '-'),
(243, 556, 5, NULL, NULL, NULL, NULL, NULL, NULL, NULL, NULL, NULL, NULL, '-'),
(244, 557, 5, NULL, NULL, NULL, NULL, NULL, NULL, NULL, NULL, NULL, NULL, '-'),
(245, 558, 5, NULL, NULL, NULL, NULL, NULL, NULL, NULL, NULL, NULL, NULL, '-'),
(246, 559, 5, NULL, NULL, NULL, NULL, NULL, NULL, NULL, NULL, NULL, NULL, '-'),
(247, 560, 5, NULL, NULL, NULL, NULL, NULL, NULL, NULL, NULL, NULL, NULL, '-'),
(248, 561, 5, NULL, NULL, NULL, NULL, NULL, NULL, NULL, NULL, NULL, NULL, '-'),
(249, 562, 5, NULL, NULL, NULL, NULL, NULL, NULL, NULL, NULL, NULL, NULL, '-'),
(250, 563, 5, NULL, NULL, NULL, NULL, NULL, NULL, NULL, NULL, NULL, NULL, '-'),
(251, 564, 5, NULL, NULL, NULL, NULL, NULL, NULL, NULL, NULL, NULL, NULL, '-'),
(252, 565, 5, NULL, NULL, NULL, NULL, NULL, NULL, NULL, NULL, NULL, NULL, '-'),
(253, 566, 5, NULL, NULL, NULL, NULL, NULL, NULL, NULL, NULL, NULL, NULL, '-'),
(254, 567, 5, NULL, NULL, NULL, NULL, NULL, NULL, NULL, NULL, NULL, NULL, '-'),
(258, 568, 6, 86, 63, 78, 67, 86, 100, 72, '76.00', '86.00', '80.00', 'baik dalam memahami konsep bangun ruang; cukup dalam menerapkan rumus keliling dan luas; baik dalam menginterpretasikan data statistika sederhana; cukup dalam menganalisis hubungan sebab akibat dalam persamaan; baik dalam menerapkan konsep persamaan linear'),
(259, 569, 6, 60, 97, 70, 74, 75, 61, 75, '75.20', '68.00', '72.32', 'cukup dalam memahami konsep bangun ruang; sangat baik dalam menerapkan rumus keliling dan luas; cukup dalam menginterpretasikan data statistika sederhana; cukup dalam menganalisis hubungan sebab akibat dalam persamaan; baik dalam menerapkan konsep persamaan linear'),
(260, 570, 6, 67, 94, 72, 77, 72, 91, 76, '76.40', '83.50', '79.24', 'cukup dalam memahami konsep bangun ruang; sangat baik dalam menerapkan rumus keliling dan luas; cukup dalam menginterpretasikan data statistika sederhana; baik dalam menganalisis hubungan sebab akibat dalam persamaan; cukup dalam menerapkan konsep persamaan linear'),
(261, 571, 6, 95, 60, 89, 99, 63, 89, 93, '81.20', '91.00', '85.12', 'sangat baik dalam memahami konsep bangun ruang; cukup dalam menerapkan rumus keliling dan luas; sangat baik dalam menginterpretasikan data statistika sederhana; sangat baik dalam menganalisis hubungan sebab akibat dalam persamaan; cukup dalam menerapkan konsep persamaan linear'),
(262, 572, 6, 77, 73, 64, 80, 63, 81, 94, '71.40', '87.50', '77.84', 'baik dalam memahami konsep bangun ruang; cukup dalam menerapkan rumus keliling dan luas; cukup dalam menginterpretasikan data statistika sederhana; baik dalam menganalisis hubungan sebab akibat dalam persamaan; cukup dalam menerapkan konsep persamaan linear'),
(263, 573, 6, 84, 77, 90, 63, 63, 78, 88, '75.40', '83.00', '78.44', 'baik dalam memahami konsep bangun ruang; baik dalam menerapkan rumus keliling dan luas; sangat baik dalam menginterpretasikan data statistika sederhana; cukup dalam menganalisis hubungan sebab akibat dalam persamaan; cukup dalam menerapkan konsep persamaan linear'),
(264, 548, 6, 74, 73, 81, 70, 81, 98, 69, '75.80', '83.50', '78.88', 'cukup dalam memahami konsep bangun ruang; cukup dalam menerapkan rumus keliling dan luas; baik dalam menginterpretasikan data statistika sederhana; cukup dalam menganalisis hubungan sebab akibat dalam persamaan; baik dalam menerapkan konsep persamaan linear'),
(265, 574, 6, 74, 79, 82, 86, 73, 74, 70, '78.80', '72.00', '76.08', 'cukup dalam memahami konsep bangun ruang; baik dalam menerapkan rumus keliling dan luas; baik dalam menginterpretasikan data statistika sederhana; baik dalam menganalisis hubungan sebab akibat dalam persamaan; cukup dalam menerapkan konsep persamaan linear'),
(266, 549, 6, 97, 96, 90, 82, 67, 99, 78, '86.40', '88.50', '87.24', 'sangat baik dalam memahami konsep bangun ruang; sangat baik dalam menerapkan rumus keliling dan luas; sangat baik dalam menginterpretasikan data statistika sederhana; baik dalam menganalisis hubungan sebab akibat dalam persamaan; cukup dalam menerapkan konsep persamaan linear'),
(267, 575, 6, 78, 80, 93, 94, 87, 77, 77, '86.40', '77.00', '82.64', 'baik dalam memahami konsep bangun ruang; baik dalam menerapkan rumus keliling dan luas; sangat baik dalam menginterpretasikan data statistika sederhana; sangat baik dalam menganalisis hubungan sebab akibat dalam persamaan; baik dalam menerapkan konsep persamaan linear'),
(268, 550, 6, NULL, NULL, NULL, NULL, NULL, NULL, NULL, NULL, NULL, NULL, '-'),
(269, 576, 6, NULL, NULL, NULL, NULL, NULL, NULL, NULL, NULL, NULL, NULL, '-'),
(270, 551, 6, NULL, NULL, NULL, NULL, NULL, NULL, NULL, NULL, NULL, NULL, '-'),
(271, 577, 6, NULL, NULL, NULL, NULL, NULL, NULL, NULL, NULL, NULL, NULL, '-'),
(272, 578, 6, NULL, NULL, NULL, NULL, NULL, NULL, NULL, NULL, NULL, NULL, '-'),
(273, 552, 6, NULL, NULL, NULL, NULL, NULL, NULL, NULL, NULL, NULL, NULL, '-'),
(274, 553, 6, NULL, NULL, NULL, NULL, NULL, NULL, NULL, NULL, NULL, NULL, '-'),
(275, 579, 6, NULL, NULL, NULL, NULL, NULL, NULL, NULL, NULL, NULL, NULL, '-'),
(276, 554, 6, NULL, NULL, NULL, NULL, NULL, NULL, NULL, NULL, NULL, NULL, '-'),
(277, 555, 6, NULL, NULL, NULL, NULL, NULL, NULL, NULL, NULL, NULL, NULL, '-'),
(278, 556, 6, NULL, NULL, NULL, NULL, NULL, NULL, NULL, NULL, NULL, NULL, '-'),
(279, 557, 6, NULL, NULL, NULL, NULL, NULL, NULL, NULL, NULL, NULL, NULL, '-'),
(280, 558, 6, NULL, NULL, NULL, NULL, NULL, NULL, NULL, NULL, NULL, NULL, '-'),
(281, 559, 6, NULL, NULL, NULL, NULL, NULL, NULL, NULL, NULL, NULL, NULL, '-'),
(282, 560, 6, NULL, NULL, NULL, NULL, NULL, NULL, NULL, NULL, NULL, NULL, '-'),
(283, 561, 6, NULL, NULL, NULL, NULL, NULL, NULL, NULL, NULL, NULL, NULL, '-'),
(284, 562, 6, NULL, NULL, NULL, NULL, NULL, NULL, NULL, NULL, NULL, NULL, '-'),
(285, 563, 6, NULL, NULL, NULL, NULL, NULL, NULL, NULL, NULL, NULL, NULL, '-'),
(286, 564, 6, NULL, NULL, NULL, NULL, NULL, NULL, NULL, NULL, NULL, NULL, '-'),
(287, 565, 6, NULL, NULL, NULL, NULL, NULL, NULL, NULL, NULL, NULL, NULL, '-'),
(288, 566, 6, NULL, NULL, NULL, NULL, NULL, NULL, NULL, NULL, NULL, NULL, '-'),
(289, 567, 6, NULL, NULL, NULL, NULL, NULL, NULL, NULL, NULL, NULL, NULL, '-'),
(294, 164, 8, 97, 84, 75, 62, 69, 60, 96, '77.40', '78.00', '77.64', 'memiliki kemampuan sangat baik dalam memahami nilai-nilai Pancasila dalam kehidupan sehari-hari. baik dalam menunjukkan perilaku sesuai norma dan hukum. baik dalam menghargai keberagaman dalam masyarakat. cukup dalam menjelaskan hak dan kewajiban sebagai warga negara. cukup dalam berpartisipasi aktif dalam kegiatan sekolah dan masyarakat'),
(295, 194, 8, 85, 86, 91, 84, 68, 88, 76, '82.80', '82.00', '82.48', 'baik dalam memahami nilai-nilai Pancasila dalam kehidupan sehari-hari. baik dalam menunjukkan perilaku sesuai norma dan hukum. memiliki kemampuan sangat baik dalam menghargai keberagaman dalam masyarakat. baik dalam menjelaskan hak dan kewajiban sebagai warga negara. cukup dalam berpartisipasi aktif dalam kegiatan sekolah dan masyarakat'),
(296, 174, 8, 65, 68, 71, 66, 69, 88, 76, '67.80', '82.00', '73.48', 'cukup dalam memahami nilai-nilai Pancasila dalam kehidupan sehari-hari. cukup dalam menunjukkan perilaku sesuai norma dan hukum. cukup dalam menghargai keberagaman dalam masyarakat. cukup dalam menjelaskan hak dan kewajiban sebagai warga negara. cukup dalam berpartisipasi aktif dalam kegiatan sekolah dan masyarakat'),
(297, 190, 8, 70, 84, 91, 95, 90, 86, 84, '86.00', '85.00', '85.60', 'cukup dalam memahami nilai-nilai Pancasila dalam kehidupan sehari-hari. baik dalam menunjukkan perilaku sesuai norma dan hukum. memiliki kemampuan sangat baik dalam menghargai keberagaman dalam masyarakat. memiliki kemampuan sangat baik dalam menjelaskan hak dan kewajiban sebagai warga negara. memiliki kemampuan sangat baik dalam berpartisipasi aktif dalam kegiatan sekolah dan masyarakat'),
(298, 168, 8, 83, 85, 83, 61, 74, 66, 90, '77.20', '78.00', '77.52', 'baik dalam memahami nilai-nilai Pancasila dalam kehidupan sehari-hari. baik dalam menunjukkan perilaku sesuai norma dan hukum. baik dalam menghargai keberagaman dalam masyarakat. cukup dalam menjelaskan hak dan kewajiban sebagai warga negara. cukup dalam berpartisipasi aktif dalam kegiatan sekolah dan masyarakat'),
(299, 187, 8, 77, 60, 67, 98, 89, 69, 72, '78.20', '70.50', '75.12', 'baik dalam memahami nilai-nilai Pancasila dalam kehidupan sehari-hari. cukup dalam menunjukkan perilaku sesuai norma dan hukum. cukup dalam menghargai keberagaman dalam masyarakat. memiliki kemampuan sangat baik dalam menjelaskan hak dan kewajiban sebagai warga negara. memiliki kemampuan sangat baik dalam berpartisipasi aktif dalam kegiatan sekolah dan masyarakat'),
(300, 180, 8, 82, 70, 71, 71, 88, 91, 71, '76.40', '81.00', '78.24', 'baik dalam memahami nilai-nilai Pancasila dalam kehidupan sehari-hari. cukup dalam menunjukkan perilaku sesuai norma dan hukum. cukup dalam menghargai keberagaman dalam masyarakat. cukup dalam menjelaskan hak dan kewajiban sebagai warga negara. memiliki kemampuan sangat baik dalam berpartisipasi aktif dalam kegiatan sekolah dan masyarakat'),
(301, 191, 8, 68, 79, 88, 64, 78, 72, 83, '75.40', '77.50', '76.24', 'cukup dalam memahami nilai-nilai Pancasila dalam kehidupan sehari-hari. baik dalam menunjukkan perilaku sesuai norma dan hukum. memiliki kemampuan sangat baik dalam menghargai keberagaman dalam masyarakat. cukup dalam menjelaskan hak dan kewajiban sebagai warga negara. baik dalam berpartisipasi aktif dalam kegiatan sekolah dan masyarakat'),
(302, 165, 8, 81, 92, 66, 61, 65, 89, 77, '73.00', '83.00', '77.00', 'baik dalam memahami nilai-nilai Pancasila dalam kehidupan sehari-hari. memiliki kemampuan sangat baik dalam menunjukkan perilaku sesuai norma dan hukum. cukup dalam menghargai keberagaman dalam masyarakat. cukup dalam menjelaskan hak dan kewajiban sebagai warga negara. cukup dalam berpartisipasi aktif dalam kegiatan sekolah dan masyarakat'),
(303, 184, 8, 72, 86, 83, 70, 99, 80, 72, '82.00', '76.00', '79.60', 'cukup dalam memahami nilai-nilai Pancasila dalam kehidupan sehari-hari. baik dalam menunjukkan perilaku sesuai norma dan hukum. baik dalam menghargai keberagaman dalam masyarakat. cukup dalam menjelaskan hak dan kewajiban sebagai warga negara. memiliki kemampuan sangat baik dalam berpartisipasi aktif dalam kegiatan sekolah dan masyarakat'),
(304, 164, 9, 82, 85, 86, 66, 88, 76, 64, '81.40', '70.00', '76.84', 'baik dalam memahami proses pembuatan produk kerajinan sederhana. baik dalam menggunakan alat dan bahan dengan benar. baik dalam menerapkan kreativitas dalam pembuatan produk. cukup dalam menunjukkan sikap teliti dan tanggung jawab dalam berkarya. memiliki kemampuan sangat baik dalam menyajikan hasil karya dengan percaya diri'),
(305, 194, 9, 61, 66, 74, 99, 98, 72, 96, '79.60', '84.00', '81.36', 'cukup dalam memahami proses pembuatan produk kerajinan sederhana. cukup dalam menggunakan alat dan bahan dengan benar. cukup dalam menerapkan kreativitas dalam pembuatan produk. memiliki kemampuan sangat baik dalam menunjukkan sikap teliti dan tanggung jawab dalam berkarya. memiliki kemampuan sangat baik dalam menyajikan hasil karya dengan percaya diri'),
(306, 174, 9, 64, 94, 80, 62, 81, 75, 92, '76.20', '83.50', '79.12', 'cukup dalam memahami proses pembuatan produk kerajinan sederhana. memiliki kemampuan sangat baik dalam menggunakan alat dan bahan dengan benar. baik dalam menerapkan kreativitas dalam pembuatan produk. cukup dalam menunjukkan sikap teliti dan tanggung jawab dalam berkarya. baik dalam menyajikan hasil karya dengan percaya diri'),
(307, 190, 9, 85, 90, 70, 89, 85, 68, 79, '83.80', '73.50', '79.68', 'baik dalam memahami proses pembuatan produk kerajinan sederhana. memiliki kemampuan sangat baik dalam menggunakan alat dan bahan dengan benar. cukup dalam menerapkan kreativitas dalam pembuatan produk. memiliki kemampuan sangat baik dalam menunjukkan sikap teliti dan tanggung jawab dalam berkarya. baik dalam menyajikan hasil karya dengan percaya diri'),
(308, 168, 9, 73, 89, 62, 89, 84, 68, 64, '79.40', '66.00', '74.04', 'cukup dalam memahami proses pembuatan produk kerajinan sederhana. memiliki kemampuan sangat baik dalam menggunakan alat dan bahan dengan benar. cukup dalam menerapkan kreativitas dalam pembuatan produk. memiliki kemampuan sangat baik dalam menunjukkan sikap teliti dan tanggung jawab dalam berkarya. baik dalam menyajikan hasil karya dengan percaya diri'),
(309, 187, 9, 95, 88, 73, 82, 93, 81, 67, '86.20', '74.00', '81.32', 'memiliki kemampuan sangat baik dalam memahami proses pembuatan produk kerajinan sederhana. memiliki kemampuan sangat baik dalam menggunakan alat dan bahan dengan benar. cukup dalam menerapkan kreativitas dalam pembuatan produk. baik dalam menunjukkan sikap teliti dan tanggung jawab dalam berkarya. memiliki kemampuan sangat baik dalam menyajikan hasil karya dengan percaya diri'),
(310, 180, 9, 61, 81, 97, 63, 63, 83, 73, '73.00', '78.00', '75.00', 'cukup dalam memahami proses pembuatan produk kerajinan sederhana. baik dalam menggunakan alat dan bahan dengan benar. memiliki kemampuan sangat baik dalam menerapkan kreativitas dalam pembuatan produk. cukup dalam menunjukkan sikap teliti dan tanggung jawab dalam berkarya. cukup dalam menyajikan hasil karya dengan percaya diri'),
(311, 191, 9, 78, 72, 63, 93, 87, 74, 64, '78.60', '69.00', '74.76', 'baik dalam memahami proses pembuatan produk kerajinan sederhana. cukup dalam menggunakan alat dan bahan dengan benar. cukup dalam menerapkan kreativitas dalam pembuatan produk. memiliki kemampuan sangat baik dalam menunjukkan sikap teliti dan tanggung jawab dalam berkarya. baik dalam menyajikan hasil karya dengan percaya diri'),
(312, 324, 7, 87, 63, 95, 68, 88, 74, 87, '80.20', '80.50', '80.32', 'baik dalam mempraktikkan gerak dasar dalam permainan olahraga; cukup dalam menunjukkan sikap sportivitas dalam kegiatan fisik; sangat baik dalam memahami manfaat aktivitas fisik bagi kesehatan; cukup dalam menjaga kebugaran tubuh melalui olahraga teratur; sangat baik dalam menerapkan keselamatan dan kesehatan dalam berolahraga'),
(313, 354, 7, 61, 89, 79, 90, 84, 67, 73, '80.60', '70.00', '76.36', 'cukup dalam mempraktikkan gerak dasar dalam permainan olahraga; sangat baik dalam menunjukkan sikap sportivitas dalam kegiatan fisik; baik dalam memahami manfaat aktivitas fisik bagi kesehatan; sangat baik dalam menjaga kebugaran tubuh melalui olahraga teratur; baik dalam menerapkan keselamatan dan kesehatan dalam berolahraga'),
(314, 350, 7, 86, 87, 79, 89, 70, 63, 94, '82.20', '78.50', '80.72', 'baik dalam mempraktikkan gerak dasar dalam permainan olahraga; baik dalam menunjukkan sikap sportivitas dalam kegiatan fisik; baik dalam memahami manfaat aktivitas fisik bagi kesehatan; sangat baik dalam menjaga kebugaran tubuh melalui olahraga teratur; cukup dalam menerapkan keselamatan dan kesehatan dalam berolahraga'),
(315, 328, 7, 75, 80, 90, 71, 84, 62, 66, '80.00', '64.00', '73.60', 'baik dalam mempraktikkan gerak dasar dalam permainan olahraga; baik dalam menunjukkan sikap sportivitas dalam kegiatan fisik; sangat baik dalam memahami manfaat aktivitas fisik bagi kesehatan; cukup dalam menjaga kebugaran tubuh melalui olahraga teratur; baik dalam menerapkan keselamatan dan kesehatan dalam berolahraga'),
(316, 347, 7, 85, 95, 69, 80, 91, 84, 70, '84.00', '77.00', '81.20', 'baik dalam mempraktikkan gerak dasar dalam permainan olahraga; sangat baik dalam menunjukkan sikap sportivitas dalam kegiatan fisik; cukup dalam memahami manfaat aktivitas fisik bagi kesehatan; baik dalam menjaga kebugaran tubuh melalui olahraga teratur; sangat baik dalam menerapkan keselamatan dan kesehatan dalam berolahraga'),
(317, 340, 7, 75, 87, 63, 86, 87, 88, 91, '79.60', '89.50', '83.56', 'baik dalam mempraktikkan gerak dasar dalam permainan olahraga; baik dalam menunjukkan sikap sportivitas dalam kegiatan fisik; cukup dalam memahami manfaat aktivitas fisik bagi kesehatan; baik dalam menjaga kebugaran tubuh melalui olahraga teratur; baik dalam menerapkan keselamatan dan kesehatan dalam berolahraga'),
(318, 351, 7, 82, 68, 84, 80, 98, 84, 88, '82.40', '86.00', '83.84', 'baik dalam mempraktikkan gerak dasar dalam permainan olahraga; cukup dalam menunjukkan sikap sportivitas dalam kegiatan fisik; baik dalam memahami manfaat aktivitas fisik bagi kesehatan; baik dalam menjaga kebugaran tubuh melalui olahraga teratur; sangat baik dalam menerapkan keselamatan dan kesehatan dalam berolahraga'),
(319, 325, 7, 78, 65, 68, 95, 72, 88, 61, '75.60', '74.50', '75.16', 'baik dalam mempraktikkan gerak dasar dalam permainan olahraga; cukup dalam menunjukkan sikap sportivitas dalam kegiatan fisik; cukup dalam memahami manfaat aktivitas fisik bagi kesehatan; sangat baik dalam menjaga kebugaran tubuh melalui olahraga teratur; cukup dalam menerapkan keselamatan dan kesehatan dalam berolahraga'),
(320, 334, 7, 80, 64, 69, 95, 91, 81, 65, '79.80', '73.00', '77.08', 'baik dalam mempraktikkan gerak dasar dalam permainan olahraga; cukup dalam menunjukkan sikap sportivitas dalam kegiatan fisik; cukup dalam memahami manfaat aktivitas fisik bagi kesehatan; sangat baik dalam menjaga kebugaran tubuh melalui olahraga teratur; sangat baik dalam menerapkan keselamatan dan kesehatan dalam berolahraga'),
(321, 344, 7, 83, 83, 68, 72, 87, 71, 62, '78.60', '66.50', '73.76', 'baik dalam mempraktikkan gerak dasar dalam permainan olahraga; baik dalam menunjukkan sikap sportivitas dalam kegiatan fisik; cukup dalam memahami manfaat aktivitas fisik bagi kesehatan; cukup dalam menjaga kebugaran tubuh melalui olahraga teratur; baik dalam menerapkan keselamatan dan kesehatan dalam berolahraga'),
(322, 346, 7, NULL, NULL, NULL, NULL, NULL, NULL, NULL, NULL, NULL, NULL, '-'),
(323, 330, 7, NULL, NULL, NULL, NULL, NULL, NULL, NULL, NULL, NULL, NULL, '-'),
(324, 337, 7, NULL, NULL, NULL, NULL, NULL, NULL, NULL, NULL, NULL, NULL, '-'),
(325, 348, 7, NULL, NULL, NULL, NULL, NULL, NULL, NULL, NULL, NULL, NULL, '-'),
(326, 332, 7, NULL, NULL, NULL, NULL, NULL, NULL, NULL, NULL, NULL, NULL, '-'),
(327, 342, 7, NULL, NULL, NULL, NULL, NULL, NULL, NULL, NULL, NULL, NULL, '-'),
(328, 345, 7, NULL, NULL, NULL, NULL, NULL, NULL, NULL, NULL, NULL, NULL, '-'),
(329, 329, 7, NULL, NULL, NULL, NULL, NULL, NULL, NULL, NULL, NULL, NULL, '-'),
(330, 333, 7, NULL, NULL, NULL, NULL, NULL, NULL, NULL, NULL, NULL, NULL, '-'),
(331, 353, 7, NULL, NULL, NULL, NULL, NULL, NULL, NULL, NULL, NULL, NULL, '-'),
(332, 335, 7, NULL, NULL, NULL, NULL, NULL, NULL, NULL, NULL, NULL, NULL, '-'),
(333, 341, 7, NULL, NULL, NULL, NULL, NULL, NULL, NULL, NULL, NULL, NULL, '-'),
(334, 331, 7, NULL, NULL, NULL, NULL, NULL, NULL, NULL, NULL, NULL, NULL, '-'),
(335, 338, 7, NULL, NULL, NULL, NULL, NULL, NULL, NULL, NULL, NULL, NULL, '-'),
(336, 343, 7, NULL, NULL, NULL, NULL, NULL, NULL, NULL, NULL, NULL, NULL, '-'),
(337, 352, 7, NULL, NULL, NULL, NULL, NULL, NULL, NULL, NULL, NULL, NULL, '-'),
(338, 326, 7, NULL, NULL, NULL, NULL, NULL, NULL, NULL, NULL, NULL, NULL, '-'),
(339, 339, 7, NULL, NULL, NULL, NULL, NULL, NULL, NULL, NULL, NULL, NULL, '-'),
(340, 327, 7, NULL, NULL, NULL, NULL, NULL, NULL, NULL, NULL, NULL, NULL, '-'),
(341, 349, 7, NULL, NULL, NULL, NULL, NULL, NULL, NULL, NULL, NULL, NULL, '-'),
(342, 355, 7, NULL, NULL, NULL, NULL, NULL, NULL, NULL, NULL, NULL, NULL, '-'),
(343, 336, 7, NULL, NULL, NULL, NULL, NULL, NULL, NULL, NULL, NULL, NULL, '-'),
(344, 165, 9, 93, 90, 90, 96, 63, 84, 60, '86.40', '72.00', '80.64', 'memiliki kemampuan sangat baik dalam memahami proses pembuatan produk kerajinan sederhana. memiliki kemampuan sangat baik dalam menggunakan alat dan bahan dengan benar. memiliki kemampuan sangat baik dalam menerapkan kreativitas dalam pembuatan produk. memiliki kemampuan sangat baik dalam menunjukkan sikap teliti dan tanggung jawab dalam berkarya. cukup dalam menyajikan hasil karya dengan percaya diri'),
(345, 184, 9, 94, 72, 88, 61, 92, 95, 63, '81.40', '79.00', '80.44', 'memiliki kemampuan sangat baik dalam memahami proses pembuatan produk kerajinan sederhana. cukup dalam menggunakan alat dan bahan dengan benar. memiliki kemampuan sangat baik dalam menerapkan kreativitas dalam pembuatan produk. cukup dalam menunjukkan sikap teliti dan tanggung jawab dalam berkarya. memiliki kemampuan sangat baik dalam menyajikan hasil karya dengan percaya diri'),
(346, 324, 8, 98, 71, 90, 74, 95, 90, 61, '85.60', '75.50', '81.56', 'sangat baik dalam memahami nilai-nilai Pancasila dalam kehidupan sehari-hari; cukup dalam menunjukkan perilaku sesuai norma dan hukum; sangat baik dalam menghargai keberagaman dalam masyarakat; cukup dalam menjelaskan hak dan kewajiban sebagai warga negara; sangat baik dalam berpartisipasi aktif dalam kegiatan sekolah dan masyarakat'),
(347, 354, 8, 91, 71, 75, 94, 65, 78, 95, '79.20', '86.50', '82.12', 'sangat baik dalam memahami nilai-nilai Pancasila dalam kehidupan sehari-hari; cukup dalam menunjukkan perilaku sesuai norma dan hukum; baik dalam menghargai keberagaman dalam masyarakat; sangat baik dalam menjelaskan hak dan kewajiban sebagai warga negara; cukup dalam berpartisipasi aktif dalam kegiatan sekolah dan masyarakat'),
(348, 350, 8, 67, 82, 95, 96, 80, 74, 74, '84.00', '74.00', '80.00', 'cukup dalam memahami nilai-nilai Pancasila dalam kehidupan sehari-hari; baik dalam menunjukkan perilaku sesuai norma dan hukum; sangat baik dalam menghargai keberagaman dalam masyarakat; sangat baik dalam menjelaskan hak dan kewajiban sebagai warga negara; baik dalam berpartisipasi aktif dalam kegiatan sekolah dan masyarakat'),
(349, 328, 8, 71, 92, 62, 72, 73, 72, 80, '74.00', '76.00', '74.80', 'cukup dalam memahami nilai-nilai Pancasila dalam kehidupan sehari-hari; sangat baik dalam menunjukkan perilaku sesuai norma dan hukum; cukup dalam menghargai keberagaman dalam masyarakat; cukup dalam menjelaskan hak dan kewajiban sebagai warga negara; cukup dalam berpartisipasi aktif dalam kegiatan sekolah dan masyarakat'),
(350, 347, 8, 96, 98, 70, 61, 81, 95, 94, '81.20', '94.50', '86.52', 'sangat baik dalam memahami nilai-nilai Pancasila dalam kehidupan sehari-hari; sangat baik dalam menunjukkan perilaku sesuai norma dan hukum; cukup dalam menghargai keberagaman dalam masyarakat; cukup dalam menjelaskan hak dan kewajiban sebagai warga negara; baik dalam berpartisipasi aktif dalam kegiatan sekolah dan masyarakat'),
(351, 340, 8, 86, 93, 60, 76, 62, 83, 82, '75.40', '82.50', '78.24', 'baik dalam memahami nilai-nilai Pancasila dalam kehidupan sehari-hari; sangat baik dalam menunjukkan perilaku sesuai norma dan hukum; cukup dalam menghargai keberagaman dalam masyarakat; baik dalam menjelaskan hak dan kewajiban sebagai warga negara; cukup dalam berpartisipasi aktif dalam kegiatan sekolah dan masyarakat'),
(352, 351, 8, 79, 98, 77, 89, 83, 86, 86, '85.20', '86.00', '85.52', 'baik dalam memahami nilai-nilai Pancasila dalam kehidupan sehari-hari; sangat baik dalam menunjukkan perilaku sesuai norma dan hukum; baik dalam menghargai keberagaman dalam masyarakat; sangat baik dalam menjelaskan hak dan kewajiban sebagai warga negara; baik dalam berpartisipasi aktif dalam kegiatan sekolah dan masyarakat'),
(353, 325, 8, 95, 68, 82, 84, 70, 73, 81, '79.80', '77.00', '78.68', 'sangat baik dalam memahami nilai-nilai Pancasila dalam kehidupan sehari-hari; cukup dalam menunjukkan perilaku sesuai norma dan hukum; baik dalam menghargai keberagaman dalam masyarakat; baik dalam menjelaskan hak dan kewajiban sebagai warga negara; cukup dalam berpartisipasi aktif dalam kegiatan sekolah dan masyarakat'),
(354, 334, 8, 68, 78, 74, 94, 80, 93, 83, '78.80', '88.00', '82.48', 'cukup dalam memahami nilai-nilai Pancasila dalam kehidupan sehari-hari; baik dalam menunjukkan perilaku sesuai norma dan hukum; cukup dalam menghargai keberagaman dalam masyarakat; sangat baik dalam menjelaskan hak dan kewajiban sebagai warga negara; baik dalam berpartisipasi aktif dalam kegiatan sekolah dan masyarakat'),
(355, 344, 8, 92, 90, 98, 94, 61, 65, 92, '87.00', '78.50', '83.60', 'sangat baik dalam memahami nilai-nilai Pancasila dalam kehidupan sehari-hari; sangat baik dalam menunjukkan perilaku sesuai norma dan hukum; sangat baik dalam menghargai keberagaman dalam masyarakat; sangat baik dalam menjelaskan hak dan kewajiban sebagai warga negara; cukup dalam berpartisipasi aktif dalam kegiatan sekolah dan masyarakat'),
(356, 346, 8, NULL, NULL, NULL, NULL, NULL, NULL, NULL, NULL, NULL, NULL, '-'),
(357, 330, 8, NULL, NULL, NULL, NULL, NULL, NULL, NULL, NULL, NULL, NULL, '-'),
(358, 337, 8, NULL, NULL, NULL, NULL, NULL, NULL, NULL, NULL, NULL, NULL, '-'),
(359, 348, 8, NULL, NULL, NULL, NULL, NULL, NULL, NULL, NULL, NULL, NULL, '-'),
(360, 332, 8, NULL, NULL, NULL, NULL, NULL, NULL, NULL, NULL, NULL, NULL, '-'),
(361, 342, 8, NULL, NULL, NULL, NULL, NULL, NULL, NULL, NULL, NULL, NULL, '-'),
(362, 345, 8, NULL, NULL, NULL, NULL, NULL, NULL, NULL, NULL, NULL, NULL, '-'),
(363, 329, 8, NULL, NULL, NULL, NULL, NULL, NULL, NULL, NULL, NULL, NULL, '-'),
(364, 333, 8, NULL, NULL, NULL, NULL, NULL, NULL, NULL, NULL, NULL, NULL, '-'),
(365, 353, 8, NULL, NULL, NULL, NULL, NULL, NULL, NULL, NULL, NULL, NULL, '-'),
(366, 335, 8, NULL, NULL, NULL, NULL, NULL, NULL, NULL, NULL, NULL, NULL, '-'),
(367, 341, 8, NULL, NULL, NULL, NULL, NULL, NULL, NULL, NULL, NULL, NULL, '-'),
(368, 331, 8, NULL, NULL, NULL, NULL, NULL, NULL, NULL, NULL, NULL, NULL, '-'),
(369, 338, 8, NULL, NULL, NULL, NULL, NULL, NULL, NULL, NULL, NULL, NULL, '-'),
(370, 343, 8, NULL, NULL, NULL, NULL, NULL, NULL, NULL, NULL, NULL, NULL, '-'),
(371, 352, 8, NULL, NULL, NULL, NULL, NULL, NULL, NULL, NULL, NULL, NULL, '-'),
(372, 326, 8, NULL, NULL, NULL, NULL, NULL, NULL, NULL, NULL, NULL, NULL, '-'),
(373, 339, 8, NULL, NULL, NULL, NULL, NULL, NULL, NULL, NULL, NULL, NULL, '-'),
(374, 327, 8, NULL, NULL, NULL, NULL, NULL, NULL, NULL, NULL, NULL, NULL, '-'),
(375, 349, 8, NULL, NULL, NULL, NULL, NULL, NULL, NULL, NULL, NULL, NULL, '-'),
(376, 355, 8, NULL, NULL, NULL, NULL, NULL, NULL, NULL, NULL, NULL, NULL, '-'),
(377, 336, 8, NULL, NULL, NULL, NULL, NULL, NULL, NULL, NULL, NULL, NULL, '-'),
(378, 568, 1, 96, 73, 80, 74, 89, 79, 67, '82.40', '73.00', '78.64', 'sangat baik dalam memahami isi teks bacaan; cukup dalam menulis teks dengan struktur yang benar; baik dalam mengidentifikasi unsur kebahasaan; cukup dalam menyusun paragraf dengan ejaan yang tepat; sangat baik dalam menyampaikan pendapat secara lisan dengan jelas'),
(379, 569, 1, 86, 92, 76, 74, 60, 97, 79, '77.60', '88.00', '81.76', 'baik dalam memahami isi teks bacaan; sangat baik dalam menulis teks dengan struktur yang benar; baik dalam mengidentifikasi unsur kebahasaan; cukup dalam menyusun paragraf dengan ejaan yang tepat; cukup dalam menyampaikan pendapat secara lisan dengan jelas'),
(380, 570, 1, 79, 77, 98, 84, 81, 91, 97, '83.80', '94.00', '87.88', 'baik dalam memahami isi teks bacaan; baik dalam menulis teks dengan struktur yang benar; sangat baik dalam mengidentifikasi unsur kebahasaan; baik dalam menyusun paragraf dengan ejaan yang tepat; baik dalam menyampaikan pendapat secara lisan dengan jelas'),
(381, 571, 1, 83, 73, 91, 94, 89, 85, 81, '86.00', '83.00', '84.80', 'baik dalam memahami isi teks bacaan; cukup dalam menulis teks dengan struktur yang benar; sangat baik dalam mengidentifikasi unsur kebahasaan; sangat baik dalam menyusun paragraf dengan ejaan yang tepat; sangat baik dalam menyampaikan pendapat secara lisan dengan jelas'),
(382, 572, 1, 84, 72, 79, 69, 95, 66, 77, '79.80', '71.50', '76.48', 'baik dalam memahami isi teks bacaan; cukup dalam menulis teks dengan struktur yang benar; baik dalam mengidentifikasi unsur kebahasaan; cukup dalam menyusun paragraf dengan ejaan yang tepat; sangat baik dalam menyampaikan pendapat secara lisan dengan jelas'),
(383, 573, 1, 93, 73, 85, 82, 63, 74, 71, '79.20', '72.50', '76.52', 'sangat baik dalam memahami isi teks bacaan; cukup dalam menulis teks dengan struktur yang benar; baik dalam mengidentifikasi unsur kebahasaan; baik dalam menyusun paragraf dengan ejaan yang tepat; cukup dalam menyampaikan pendapat secara lisan dengan jelas'),
(384, 548, 1, 78, 66, 88, 74, 77, 90, 98, '76.60', '94.00', '83.56', 'baik dalam memahami isi teks bacaan; cukup dalam menulis teks dengan struktur yang benar; sangat baik dalam mengidentifikasi unsur kebahasaan; cukup dalam menyusun paragraf dengan ejaan yang tepat; baik dalam menyampaikan pendapat secara lisan dengan jelas'),
(385, 574, 1, 66, 84, 70, 61, 87, 73, 62, '73.60', '67.50', '71.16', 'cukup dalam memahami isi teks bacaan; baik dalam menulis teks dengan struktur yang benar; cukup dalam mengidentifikasi unsur kebahasaan; cukup dalam menyusun paragraf dengan ejaan yang tepat; baik dalam menyampaikan pendapat secara lisan dengan jelas'),
(386, 549, 1, 72, 99, 69, 63, 90, 65, 91, '78.60', '78.00', '78.36', 'cukup dalam memahami isi teks bacaan; sangat baik dalam menulis teks dengan struktur yang benar; cukup dalam mengidentifikasi unsur kebahasaan; cukup dalam menyusun paragraf dengan ejaan yang tepat; sangat baik dalam menyampaikan pendapat secara lisan dengan jelas'),
(387, 575, 1, 76, 76, 73, 92, 72, 83, 79, '77.80', '81.00', '79.08', 'baik dalam memahami isi teks bacaan; baik dalam menulis teks dengan struktur yang benar; cukup dalam mengidentifikasi unsur kebahasaan; sangat baik dalam menyusun paragraf dengan ejaan yang tepat; cukup dalam menyampaikan pendapat secara lisan dengan jelas'),
(388, 550, 1, NULL, NULL, NULL, NULL, NULL, NULL, NULL, NULL, NULL, NULL, '-'),
(389, 576, 1, NULL, NULL, NULL, NULL, NULL, NULL, NULL, NULL, NULL, NULL, '-'),
(390, 551, 1, NULL, NULL, NULL, NULL, NULL, NULL, NULL, NULL, NULL, NULL, '-'),
(391, 577, 1, NULL, NULL, NULL, NULL, NULL, NULL, NULL, NULL, NULL, NULL, '-'),
(392, 578, 1, NULL, NULL, NULL, NULL, NULL, NULL, NULL, NULL, NULL, NULL, '-'),
(393, 552, 1, NULL, NULL, NULL, NULL, NULL, NULL, NULL, NULL, NULL, NULL, '-');
INSERT INTO `scores` (`id`, `student_id`, `mapel_id`, `sumatif_a`, `sumatif_b`, `sumatif_c`, `sumatif_d`, `sumatif_e`, `asts`, `asas`, `avg_sumatif`, `avg_asts_asas`, `raport_score`, `description`) VALUES
(394, 553, 1, NULL, NULL, NULL, NULL, NULL, NULL, NULL, NULL, NULL, NULL, '-'),
(395, 579, 1, NULL, NULL, NULL, NULL, NULL, NULL, NULL, NULL, NULL, NULL, '-'),
(396, 554, 1, NULL, NULL, NULL, NULL, NULL, NULL, NULL, NULL, NULL, NULL, '-'),
(397, 555, 1, NULL, NULL, NULL, NULL, NULL, NULL, NULL, NULL, NULL, NULL, '-'),
(398, 556, 1, NULL, NULL, NULL, NULL, NULL, NULL, NULL, NULL, NULL, NULL, '-'),
(399, 557, 1, NULL, NULL, NULL, NULL, NULL, NULL, NULL, NULL, NULL, NULL, '-'),
(400, 558, 1, NULL, NULL, NULL, NULL, NULL, NULL, NULL, NULL, NULL, NULL, '-'),
(401, 559, 1, NULL, NULL, NULL, NULL, NULL, NULL, NULL, NULL, NULL, NULL, '-'),
(402, 560, 1, NULL, NULL, NULL, NULL, NULL, NULL, NULL, NULL, NULL, NULL, '-'),
(403, 561, 1, NULL, NULL, NULL, NULL, NULL, NULL, NULL, NULL, NULL, NULL, '-'),
(404, 562, 1, NULL, NULL, NULL, NULL, NULL, NULL, NULL, NULL, NULL, NULL, '-'),
(405, 563, 1, NULL, NULL, NULL, NULL, NULL, NULL, NULL, NULL, NULL, NULL, '-'),
(406, 564, 1, NULL, NULL, NULL, NULL, NULL, NULL, NULL, NULL, NULL, NULL, '-'),
(407, 565, 1, NULL, NULL, NULL, NULL, NULL, NULL, NULL, NULL, NULL, NULL, '-'),
(408, 566, 1, NULL, NULL, NULL, NULL, NULL, NULL, NULL, NULL, NULL, NULL, '-'),
(409, 567, 1, NULL, NULL, NULL, NULL, NULL, NULL, NULL, NULL, NULL, NULL, '-'),
(410, 568, 2, 91, 85, 94, 80, 81, 66, 97, '86.20', '81.50', '84.32', 'sangat baik dalam memahami kosakata dasar; baik dalam mengenali struktur kalimat sederhana; sangat baik dalam menulis kalimat dengan grammar tepat; baik dalam memahami teks bacaan pendek; baik dalam berkomunikasi dalam situasi sederhana'),
(411, 569, 2, 75, 77, 88, 64, 65, 77, 74, '73.80', '75.50', '74.48', 'baik dalam memahami kosakata dasar; baik dalam mengenali struktur kalimat sederhana; sangat baik dalam menulis kalimat dengan grammar tepat; cukup dalam memahami teks bacaan pendek; cukup dalam berkomunikasi dalam situasi sederhana'),
(412, 570, 2, 73, 87, 61, 61, 89, 88, 74, '74.20', '81.00', '76.92', 'cukup dalam memahami kosakata dasar; baik dalam mengenali struktur kalimat sederhana; cukup dalam menulis kalimat dengan grammar tepat; cukup dalam memahami teks bacaan pendek; sangat baik dalam berkomunikasi dalam situasi sederhana'),
(413, 571, 2, 88, 94, 100, 94, 100, 64, 98, '95.20', '81.00', '89.52', 'sangat baik dalam memahami kosakata dasar; sangat baik dalam mengenali struktur kalimat sederhana; sangat baik dalam menulis kalimat dengan grammar tepat; sangat baik dalam memahami teks bacaan pendek; sangat baik dalam berkomunikasi dalam situasi sederhana'),
(414, 572, 2, 76, 67, 63, 90, 85, 95, 60, '76.20', '77.50', '76.72', 'baik dalam memahami kosakata dasar; cukup dalam mengenali struktur kalimat sederhana; cukup dalam menulis kalimat dengan grammar tepat; sangat baik dalam memahami teks bacaan pendek; baik dalam berkomunikasi dalam situasi sederhana'),
(415, 573, 2, 83, 66, 68, 66, 84, 63, 99, '73.40', '81.00', '76.44', 'baik dalam memahami kosakata dasar; cukup dalam mengenali struktur kalimat sederhana; cukup dalam menulis kalimat dengan grammar tepat; cukup dalam memahami teks bacaan pendek; baik dalam berkomunikasi dalam situasi sederhana'),
(416, 548, 2, 92, 66, 91, 83, 87, 99, 72, '83.80', '85.50', '84.48', 'sangat baik dalam memahami kosakata dasar; cukup dalam mengenali struktur kalimat sederhana; sangat baik dalam menulis kalimat dengan grammar tepat; baik dalam memahami teks bacaan pendek; baik dalam berkomunikasi dalam situasi sederhana'),
(417, 574, 2, 93, 84, 100, 87, 65, 94, 86, '85.80', '90.00', '87.48', 'sangat baik dalam memahami kosakata dasar; baik dalam mengenali struktur kalimat sederhana; sangat baik dalam menulis kalimat dengan grammar tepat; baik dalam memahami teks bacaan pendek; cukup dalam berkomunikasi dalam situasi sederhana'),
(418, 549, 2, 60, 63, 96, 92, 98, 78, 65, '81.80', '71.50', '77.68', 'cukup dalam memahami kosakata dasar; cukup dalam mengenali struktur kalimat sederhana; sangat baik dalam menulis kalimat dengan grammar tepat; sangat baik dalam memahami teks bacaan pendek; sangat baik dalam berkomunikasi dalam situasi sederhana'),
(419, 575, 2, 66, 60, 80, 90, 79, 71, 94, '75.00', '82.50', '78.00', 'cukup dalam memahami kosakata dasar; cukup dalam mengenali struktur kalimat sederhana; baik dalam menulis kalimat dengan grammar tepat; sangat baik dalam memahami teks bacaan pendek; baik dalam berkomunikasi dalam situasi sederhana'),
(420, 550, 2, NULL, NULL, NULL, NULL, NULL, NULL, NULL, NULL, NULL, NULL, '-'),
(421, 576, 2, NULL, NULL, NULL, NULL, NULL, NULL, NULL, NULL, NULL, NULL, '-'),
(422, 551, 2, NULL, NULL, NULL, NULL, NULL, NULL, NULL, NULL, NULL, NULL, '-'),
(423, 577, 2, NULL, NULL, NULL, NULL, NULL, NULL, NULL, NULL, NULL, NULL, '-'),
(424, 578, 2, NULL, NULL, NULL, NULL, NULL, NULL, NULL, NULL, NULL, NULL, '-'),
(425, 552, 2, NULL, NULL, NULL, NULL, NULL, NULL, NULL, NULL, NULL, NULL, '-'),
(426, 553, 2, NULL, NULL, NULL, NULL, NULL, NULL, NULL, NULL, NULL, NULL, '-'),
(427, 579, 2, NULL, NULL, NULL, NULL, NULL, NULL, NULL, NULL, NULL, NULL, '-'),
(428, 554, 2, NULL, NULL, NULL, NULL, NULL, NULL, NULL, NULL, NULL, NULL, '-'),
(429, 555, 2, NULL, NULL, NULL, NULL, NULL, NULL, NULL, NULL, NULL, NULL, '-'),
(430, 556, 2, NULL, NULL, NULL, NULL, NULL, NULL, NULL, NULL, NULL, NULL, '-'),
(431, 557, 2, NULL, NULL, NULL, NULL, NULL, NULL, NULL, NULL, NULL, NULL, '-'),
(432, 558, 2, NULL, NULL, NULL, NULL, NULL, NULL, NULL, NULL, NULL, NULL, '-'),
(433, 559, 2, NULL, NULL, NULL, NULL, NULL, NULL, NULL, NULL, NULL, NULL, '-'),
(434, 560, 2, NULL, NULL, NULL, NULL, NULL, NULL, NULL, NULL, NULL, NULL, '-'),
(435, 561, 2, NULL, NULL, NULL, NULL, NULL, NULL, NULL, NULL, NULL, NULL, '-'),
(436, 562, 2, NULL, NULL, NULL, NULL, NULL, NULL, NULL, NULL, NULL, NULL, '-'),
(437, 563, 2, NULL, NULL, NULL, NULL, NULL, NULL, NULL, NULL, NULL, NULL, '-'),
(438, 564, 2, NULL, NULL, NULL, NULL, NULL, NULL, NULL, NULL, NULL, NULL, '-'),
(439, 565, 2, NULL, NULL, NULL, NULL, NULL, NULL, NULL, NULL, NULL, NULL, '-'),
(440, 566, 2, NULL, NULL, NULL, NULL, NULL, NULL, NULL, NULL, NULL, NULL, '-'),
(441, 567, 2, NULL, NULL, NULL, NULL, NULL, NULL, NULL, NULL, NULL, NULL, '-'),
(442, 568, 3, 98, 70, 64, 62, 88, 77, 99, '76.40', '88.00', '81.04', 'sangat baik dalam memahami konsep dasar algoritma dan logika; cukup dalam menggunakan perangkat lunak pengolah kata dan angka; cukup dalam membuat program sederhana sesuai perintah; cukup dalam menerapkan etika dan keamanan digital; sangat baik dalam memecahkan masalah menggunakan teknologi informasi'),
(443, 569, 3, 85, 66, 95, 84, 69, 96, 62, '79.80', '79.00', '79.48', 'baik dalam memahami konsep dasar algoritma dan logika; cukup dalam menggunakan perangkat lunak pengolah kata dan angka; sangat baik dalam membuat program sederhana sesuai perintah; baik dalam menerapkan etika dan keamanan digital; cukup dalam memecahkan masalah menggunakan teknologi informasi'),
(444, 570, 3, 72, 87, 62, 89, 60, 84, 93, '74.00', '88.50', '79.80', 'cukup dalam memahami konsep dasar algoritma dan logika; baik dalam menggunakan perangkat lunak pengolah kata dan angka; cukup dalam membuat program sederhana sesuai perintah; sangat baik dalam menerapkan etika dan keamanan digital; cukup dalam memecahkan masalah menggunakan teknologi informasi'),
(445, 571, 3, 64, 77, 75, 65, 65, 74, 81, '69.20', '77.50', '72.52', 'cukup dalam memahami konsep dasar algoritma dan logika; baik dalam menggunakan perangkat lunak pengolah kata dan angka; baik dalam membuat program sederhana sesuai perintah; cukup dalam menerapkan etika dan keamanan digital; cukup dalam memecahkan masalah menggunakan teknologi informasi'),
(446, 572, 3, 71, 60, 92, 96, 85, 91, 90, '80.80', '90.50', '84.68', 'cukup dalam memahami konsep dasar algoritma dan logika; cukup dalam menggunakan perangkat lunak pengolah kata dan angka; sangat baik dalam membuat program sederhana sesuai perintah; sangat baik dalam menerapkan etika dan keamanan digital; baik dalam memecahkan masalah menggunakan teknologi informasi'),
(447, 573, 3, 82, 90, 68, 68, 84, 80, 77, '78.40', '78.50', '78.44', 'baik dalam memahami konsep dasar algoritma dan logika; sangat baik dalam menggunakan perangkat lunak pengolah kata dan angka; cukup dalam membuat program sederhana sesuai perintah; cukup dalam menerapkan etika dan keamanan digital; baik dalam memecahkan masalah menggunakan teknologi informasi'),
(448, 548, 3, 89, 70, 80, 91, 63, 97, 91, '78.60', '94.00', '84.76', 'sangat baik dalam memahami konsep dasar algoritma dan logika; cukup dalam menggunakan perangkat lunak pengolah kata dan angka; baik dalam membuat program sederhana sesuai perintah; sangat baik dalam menerapkan etika dan keamanan digital; cukup dalam memecahkan masalah menggunakan teknologi informasi'),
(449, 574, 3, 71, 63, 81, 67, 76, 69, 70, '71.60', '69.50', '70.76', 'cukup dalam memahami konsep dasar algoritma dan logika; cukup dalam menggunakan perangkat lunak pengolah kata dan angka; baik dalam membuat program sederhana sesuai perintah; cukup dalam menerapkan etika dan keamanan digital; baik dalam memecahkan masalah menggunakan teknologi informasi'),
(450, 549, 3, 81, 91, 80, 62, 91, 79, 64, '81.00', '71.50', '77.20', 'baik dalam memahami konsep dasar algoritma dan logika; sangat baik dalam menggunakan perangkat lunak pengolah kata dan angka; baik dalam membuat program sederhana sesuai perintah; cukup dalam menerapkan etika dan keamanan digital; sangat baik dalam memecahkan masalah menggunakan teknologi informasi'),
(451, 575, 3, 60, 63, 69, 90, 100, 65, 83, '76.40', '74.00', '75.44', 'cukup dalam memahami konsep dasar algoritma dan logika; cukup dalam menggunakan perangkat lunak pengolah kata dan angka; cukup dalam membuat program sederhana sesuai perintah; sangat baik dalam menerapkan etika dan keamanan digital; sangat baik dalam memecahkan masalah menggunakan teknologi informasi'),
(452, 550, 3, NULL, NULL, NULL, NULL, NULL, NULL, NULL, NULL, NULL, NULL, '-'),
(453, 576, 3, NULL, NULL, NULL, NULL, NULL, NULL, NULL, NULL, NULL, NULL, '-'),
(454, 551, 3, NULL, NULL, NULL, NULL, NULL, NULL, NULL, NULL, NULL, NULL, '-'),
(455, 577, 3, NULL, NULL, NULL, NULL, NULL, NULL, NULL, NULL, NULL, NULL, '-'),
(456, 578, 3, NULL, NULL, NULL, NULL, NULL, NULL, NULL, NULL, NULL, NULL, '-'),
(457, 552, 3, NULL, NULL, NULL, NULL, NULL, NULL, NULL, NULL, NULL, NULL, '-'),
(458, 553, 3, NULL, NULL, NULL, NULL, NULL, NULL, NULL, NULL, NULL, NULL, '-'),
(459, 579, 3, NULL, NULL, NULL, NULL, NULL, NULL, NULL, NULL, NULL, NULL, '-'),
(460, 554, 3, NULL, NULL, NULL, NULL, NULL, NULL, NULL, NULL, NULL, NULL, '-'),
(461, 555, 3, NULL, NULL, NULL, NULL, NULL, NULL, NULL, NULL, NULL, NULL, '-'),
(462, 556, 3, NULL, NULL, NULL, NULL, NULL, NULL, NULL, NULL, NULL, NULL, '-'),
(463, 557, 3, NULL, NULL, NULL, NULL, NULL, NULL, NULL, NULL, NULL, NULL, '-'),
(464, 558, 3, NULL, NULL, NULL, NULL, NULL, NULL, NULL, NULL, NULL, NULL, '-'),
(465, 559, 3, NULL, NULL, NULL, NULL, NULL, NULL, NULL, NULL, NULL, NULL, '-'),
(466, 560, 3, NULL, NULL, NULL, NULL, NULL, NULL, NULL, NULL, NULL, NULL, '-'),
(467, 561, 3, NULL, NULL, NULL, NULL, NULL, NULL, NULL, NULL, NULL, NULL, '-'),
(468, 562, 3, NULL, NULL, NULL, NULL, NULL, NULL, NULL, NULL, NULL, NULL, '-'),
(469, 563, 3, NULL, NULL, NULL, NULL, NULL, NULL, NULL, NULL, NULL, NULL, '-'),
(470, 564, 3, NULL, NULL, NULL, NULL, NULL, NULL, NULL, NULL, NULL, NULL, '-'),
(471, 565, 3, NULL, NULL, NULL, NULL, NULL, NULL, NULL, NULL, NULL, NULL, '-'),
(472, 566, 3, NULL, NULL, NULL, NULL, NULL, NULL, NULL, NULL, NULL, NULL, '-'),
(473, 567, 3, NULL, NULL, NULL, NULL, NULL, NULL, NULL, NULL, NULL, NULL, '-'),
(506, 568, 8, 91, 81, 98, 92, 68, 75, 73, '86.00', '74.00', '81.20', 'sangat baik dalam memahami nilai-nilai Pancasila dalam kehidupan sehari-hari; baik dalam menunjukkan perilaku sesuai norma dan hukum; sangat baik dalam menghargai keberagaman dalam masyarakat; sangat baik dalam menjelaskan hak dan kewajiban sebagai warga negara; cukup dalam berpartisipasi aktif dalam kegiatan sekolah dan masyarakat'),
(507, 569, 8, 99, 71, 85, 98, 86, 91, 71, '87.80', '81.00', '85.08', 'sangat baik dalam memahami nilai-nilai Pancasila dalam kehidupan sehari-hari; cukup dalam menunjukkan perilaku sesuai norma dan hukum; baik dalam menghargai keberagaman dalam masyarakat; sangat baik dalam menjelaskan hak dan kewajiban sebagai warga negara; baik dalam berpartisipasi aktif dalam kegiatan sekolah dan masyarakat'),
(508, 570, 8, 98, 67, 63, 100, 82, 78, 65, '82.00', '71.50', '77.80', 'sangat baik dalam memahami nilai-nilai Pancasila dalam kehidupan sehari-hari; cukup dalam menunjukkan perilaku sesuai norma dan hukum; cukup dalam menghargai keberagaman dalam masyarakat; sangat baik dalam menjelaskan hak dan kewajiban sebagai warga negara; baik dalam berpartisipasi aktif dalam kegiatan sekolah dan masyarakat'),
(509, 571, 8, 68, 73, 88, 93, 78, 81, 64, '80.00', '72.50', '77.00', 'cukup dalam memahami nilai-nilai Pancasila dalam kehidupan sehari-hari; cukup dalam menunjukkan perilaku sesuai norma dan hukum; sangat baik dalam menghargai keberagaman dalam masyarakat; sangat baik dalam menjelaskan hak dan kewajiban sebagai warga negara; baik dalam berpartisipasi aktif dalam kegiatan sekolah dan masyarakat'),
(510, 572, 8, 76, 60, 67, 82, 86, 90, 64, '74.20', '77.00', '75.32', 'baik dalam memahami nilai-nilai Pancasila dalam kehidupan sehari-hari; cukup dalam menunjukkan perilaku sesuai norma dan hukum; cukup dalam menghargai keberagaman dalam masyarakat; baik dalam menjelaskan hak dan kewajiban sebagai warga negara; baik dalam berpartisipasi aktif dalam kegiatan sekolah dan masyarakat'),
(511, 573, 8, 97, 94, 85, 76, 62, 60, 77, '82.80', '68.50', '77.08', 'sangat baik dalam memahami nilai-nilai Pancasila dalam kehidupan sehari-hari; sangat baik dalam menunjukkan perilaku sesuai norma dan hukum; baik dalam menghargai keberagaman dalam masyarakat; baik dalam menjelaskan hak dan kewajiban sebagai warga negara; cukup dalam berpartisipasi aktif dalam kegiatan sekolah dan masyarakat'),
(512, 548, 8, 100, 61, 84, 74, 68, 89, 80, '77.40', '84.50', '80.24', 'sangat baik dalam memahami nilai-nilai Pancasila dalam kehidupan sehari-hari; cukup dalam menunjukkan perilaku sesuai norma dan hukum; baik dalam menghargai keberagaman dalam masyarakat; cukup dalam menjelaskan hak dan kewajiban sebagai warga negara; cukup dalam berpartisipasi aktif dalam kegiatan sekolah dan masyarakat'),
(513, 574, 8, 82, 67, 88, 74, 63, 91, 75, '74.80', '83.00', '78.08', 'baik dalam memahami nilai-nilai Pancasila dalam kehidupan sehari-hari; cukup dalam menunjukkan perilaku sesuai norma dan hukum; sangat baik dalam menghargai keberagaman dalam masyarakat; cukup dalam menjelaskan hak dan kewajiban sebagai warga negara; cukup dalam berpartisipasi aktif dalam kegiatan sekolah dan masyarakat'),
(514, 549, 8, 86, 67, 93, 83, 68, 86, 60, '79.40', '73.00', '76.84', 'baik dalam memahami nilai-nilai Pancasila dalam kehidupan sehari-hari; cukup dalam menunjukkan perilaku sesuai norma dan hukum; sangat baik dalam menghargai keberagaman dalam masyarakat; baik dalam menjelaskan hak dan kewajiban sebagai warga negara; cukup dalam berpartisipasi aktif dalam kegiatan sekolah dan masyarakat'),
(515, 575, 8, 78, 69, 82, 82, 87, 89, 88, '79.60', '88.50', '83.16', 'baik dalam memahami nilai-nilai Pancasila dalam kehidupan sehari-hari; cukup dalam menunjukkan perilaku sesuai norma dan hukum; baik dalam menghargai keberagaman dalam masyarakat; baik dalam menjelaskan hak dan kewajiban sebagai warga negara; baik dalam berpartisipasi aktif dalam kegiatan sekolah dan masyarakat'),
(516, 550, 8, NULL, NULL, NULL, NULL, NULL, NULL, NULL, NULL, NULL, NULL, '-'),
(517, 576, 8, NULL, NULL, NULL, NULL, NULL, NULL, NULL, NULL, NULL, NULL, '-'),
(518, 551, 8, NULL, NULL, NULL, NULL, NULL, NULL, NULL, NULL, NULL, NULL, '-'),
(519, 577, 8, NULL, NULL, NULL, NULL, NULL, NULL, NULL, NULL, NULL, NULL, '-'),
(520, 578, 8, NULL, NULL, NULL, NULL, NULL, NULL, NULL, NULL, NULL, NULL, '-'),
(521, 552, 8, NULL, NULL, NULL, NULL, NULL, NULL, NULL, NULL, NULL, NULL, '-'),
(522, 553, 8, NULL, NULL, NULL, NULL, NULL, NULL, NULL, NULL, NULL, NULL, '-'),
(523, 579, 8, NULL, NULL, NULL, NULL, NULL, NULL, NULL, NULL, NULL, NULL, '-'),
(524, 554, 8, NULL, NULL, NULL, NULL, NULL, NULL, NULL, NULL, NULL, NULL, '-'),
(525, 555, 8, NULL, NULL, NULL, NULL, NULL, NULL, NULL, NULL, NULL, NULL, '-'),
(526, 556, 8, NULL, NULL, NULL, NULL, NULL, NULL, NULL, NULL, NULL, NULL, '-'),
(527, 557, 8, NULL, NULL, NULL, NULL, NULL, NULL, NULL, NULL, NULL, NULL, '-'),
(528, 558, 8, NULL, NULL, NULL, NULL, NULL, NULL, NULL, NULL, NULL, NULL, '-'),
(529, 559, 8, NULL, NULL, NULL, NULL, NULL, NULL, NULL, NULL, NULL, NULL, '-'),
(530, 560, 8, NULL, NULL, NULL, NULL, NULL, NULL, NULL, NULL, NULL, NULL, '-'),
(531, 561, 8, NULL, NULL, NULL, NULL, NULL, NULL, NULL, NULL, NULL, NULL, '-'),
(532, 562, 8, NULL, NULL, NULL, NULL, NULL, NULL, NULL, NULL, NULL, NULL, '-'),
(533, 563, 8, NULL, NULL, NULL, NULL, NULL, NULL, NULL, NULL, NULL, NULL, '-'),
(534, 564, 8, NULL, NULL, NULL, NULL, NULL, NULL, NULL, NULL, NULL, NULL, '-'),
(535, 565, 8, NULL, NULL, NULL, NULL, NULL, NULL, NULL, NULL, NULL, NULL, '-'),
(536, 566, 8, NULL, NULL, NULL, NULL, NULL, NULL, NULL, NULL, NULL, NULL, '-'),
(537, 567, 8, NULL, NULL, NULL, NULL, NULL, NULL, NULL, NULL, NULL, NULL, '-'),
(538, 568, 9, 81, 71, 96, 92, 70, 76, 61, '82.00', '68.50', '76.60', 'baik dalam memahami proses pembuatan produk kerajinan sederhana; cukup dalam menggunakan alat dan bahan dengan benar; sangat baik dalam menerapkan kreativitas dalam pembuatan produk; sangat baik dalam menunjukkan sikap teliti dan tanggung jawab dalam berkarya; cukup dalam menyajikan hasil karya dengan percaya diri'),
(539, 569, 9, 81, 62, 75, 64, 75, 95, 71, '71.40', '83.00', '76.04', 'baik dalam memahami proses pembuatan produk kerajinan sederhana; cukup dalam menggunakan alat dan bahan dengan benar; baik dalam menerapkan kreativitas dalam pembuatan produk; cukup dalam menunjukkan sikap teliti dan tanggung jawab dalam berkarya; baik dalam menyajikan hasil karya dengan percaya diri'),
(540, 570, 9, 93, 97, 94, 78, 93, 88, 61, '91.00', '74.50', '84.40', 'sangat baik dalam memahami proses pembuatan produk kerajinan sederhana; sangat baik dalam menggunakan alat dan bahan dengan benar; sangat baik dalam menerapkan kreativitas dalam pembuatan produk; baik dalam menunjukkan sikap teliti dan tanggung jawab dalam berkarya; sangat baik dalam menyajikan hasil karya dengan percaya diri'),
(541, 571, 9, 74, 97, 62, 78, 93, 61, 62, '80.80', '61.50', '73.08', 'cukup dalam memahami proses pembuatan produk kerajinan sederhana; sangat baik dalam menggunakan alat dan bahan dengan benar; cukup dalam menerapkan kreativitas dalam pembuatan produk; baik dalam menunjukkan sikap teliti dan tanggung jawab dalam berkarya; sangat baik dalam menyajikan hasil karya dengan percaya diri'),
(542, 572, 9, 62, 71, 79, 80, 75, 71, 98, '73.40', '84.50', '77.84', 'cukup dalam memahami proses pembuatan produk kerajinan sederhana; cukup dalam menggunakan alat dan bahan dengan benar; baik dalam menerapkan kreativitas dalam pembuatan produk; baik dalam menunjukkan sikap teliti dan tanggung jawab dalam berkarya; baik dalam menyajikan hasil karya dengan percaya diri'),
(543, 573, 9, 88, 70, 66, 75, 96, 83, 86, '79.00', '84.50', '81.20', 'sangat baik dalam memahami proses pembuatan produk kerajinan sederhana; cukup dalam menggunakan alat dan bahan dengan benar; cukup dalam menerapkan kreativitas dalam pembuatan produk; baik dalam menunjukkan sikap teliti dan tanggung jawab dalam berkarya; sangat baik dalam menyajikan hasil karya dengan percaya diri'),
(544, 548, 9, 71, 95, 96, 84, 76, 98, 77, '84.40', '87.50', '85.64', 'cukup dalam memahami proses pembuatan produk kerajinan sederhana; sangat baik dalam menggunakan alat dan bahan dengan benar; sangat baik dalam menerapkan kreativitas dalam pembuatan produk; baik dalam menunjukkan sikap teliti dan tanggung jawab dalam berkarya; baik dalam menyajikan hasil karya dengan percaya diri'),
(545, 574, 9, 69, 85, 79, 85, 77, 77, 94, '79.00', '85.50', '81.60', 'cukup dalam memahami proses pembuatan produk kerajinan sederhana; baik dalam menggunakan alat dan bahan dengan benar; baik dalam menerapkan kreativitas dalam pembuatan produk; baik dalam menunjukkan sikap teliti dan tanggung jawab dalam berkarya; baik dalam menyajikan hasil karya dengan percaya diri'),
(546, 549, 9, 61, 90, 82, 61, 94, 78, 89, '77.60', '83.50', '79.96', 'cukup dalam memahami proses pembuatan produk kerajinan sederhana; sangat baik dalam menggunakan alat dan bahan dengan benar; baik dalam menerapkan kreativitas dalam pembuatan produk; cukup dalam menunjukkan sikap teliti dan tanggung jawab dalam berkarya; sangat baik dalam menyajikan hasil karya dengan percaya diri'),
(547, 575, 9, 81, 91, 89, 84, 61, 69, 89, '81.20', '79.00', '80.32', 'baik dalam memahami proses pembuatan produk kerajinan sederhana; sangat baik dalam menggunakan alat dan bahan dengan benar; sangat baik dalam menerapkan kreativitas dalam pembuatan produk; baik dalam menunjukkan sikap teliti dan tanggung jawab dalam berkarya; cukup dalam menyajikan hasil karya dengan percaya diri'),
(548, 550, 9, NULL, NULL, NULL, NULL, NULL, NULL, NULL, NULL, NULL, NULL, '-'),
(549, 576, 9, NULL, NULL, NULL, NULL, NULL, NULL, NULL, NULL, NULL, NULL, '-'),
(550, 551, 9, NULL, NULL, NULL, NULL, NULL, NULL, NULL, NULL, NULL, NULL, '-'),
(551, 577, 9, NULL, NULL, NULL, NULL, NULL, NULL, NULL, NULL, NULL, NULL, '-'),
(552, 578, 9, NULL, NULL, NULL, NULL, NULL, NULL, NULL, NULL, NULL, NULL, '-'),
(553, 552, 9, NULL, NULL, NULL, NULL, NULL, NULL, NULL, NULL, NULL, NULL, '-'),
(554, 553, 9, NULL, NULL, NULL, NULL, NULL, NULL, NULL, NULL, NULL, NULL, '-'),
(555, 579, 9, NULL, NULL, NULL, NULL, NULL, NULL, NULL, NULL, NULL, NULL, '-'),
(556, 554, 9, NULL, NULL, NULL, NULL, NULL, NULL, NULL, NULL, NULL, NULL, '-'),
(557, 555, 9, NULL, NULL, NULL, NULL, NULL, NULL, NULL, NULL, NULL, NULL, '-'),
(558, 556, 9, NULL, NULL, NULL, NULL, NULL, NULL, NULL, NULL, NULL, NULL, '-'),
(559, 557, 9, NULL, NULL, NULL, NULL, NULL, NULL, NULL, NULL, NULL, NULL, '-'),
(560, 558, 9, NULL, NULL, NULL, NULL, NULL, NULL, NULL, NULL, NULL, NULL, '-'),
(561, 559, 9, NULL, NULL, NULL, NULL, NULL, NULL, NULL, NULL, NULL, NULL, '-'),
(562, 560, 9, NULL, NULL, NULL, NULL, NULL, NULL, NULL, NULL, NULL, NULL, '-'),
(563, 561, 9, NULL, NULL, NULL, NULL, NULL, NULL, NULL, NULL, NULL, NULL, '-'),
(564, 562, 9, NULL, NULL, NULL, NULL, NULL, NULL, NULL, NULL, NULL, NULL, '-'),
(565, 563, 9, NULL, NULL, NULL, NULL, NULL, NULL, NULL, NULL, NULL, NULL, '-'),
(566, 564, 9, NULL, NULL, NULL, NULL, NULL, NULL, NULL, NULL, NULL, NULL, '-'),
(567, 565, 9, NULL, NULL, NULL, NULL, NULL, NULL, NULL, NULL, NULL, NULL, '-'),
(568, 566, 9, NULL, NULL, NULL, NULL, NULL, NULL, NULL, NULL, NULL, NULL, '-'),
(569, 567, 9, NULL, NULL, NULL, NULL, NULL, NULL, NULL, NULL, NULL, NULL, '-'),
(570, 324, 9, 78, 68, 74, 84, 99, 99, 62, '80.60', '80.50', '80.56', 'baik dalam memahami proses pembuatan produk kerajinan sederhana. cukup dalam menggunakan alat dan bahan dengan benar. cukup dalam menerapkan kreativitas dalam pembuatan produk. baik dalam menunjukkan sikap teliti dan tanggung jawab dalam berkarya. memiliki kemampuan sangat baik dalam menyajikan hasil karya dengan percaya diri'),
(571, 354, 9, 68, 78, 98, 67, 64, 95, 65, '75.00', '80.00', '77.00', 'cukup dalam memahami proses pembuatan produk kerajinan sederhana. baik dalam menggunakan alat dan bahan dengan benar. memiliki kemampuan sangat baik dalam menerapkan kreativitas dalam pembuatan produk. cukup dalam menunjukkan sikap teliti dan tanggung jawab dalam berkarya. cukup dalam menyajikan hasil karya dengan percaya diri'),
(572, 350, 9, 90, 84, 61, 98, 92, 68, 83, '85.00', '75.50', '81.20', 'memiliki kemampuan sangat baik dalam memahami proses pembuatan produk kerajinan sederhana. baik dalam menggunakan alat dan bahan dengan benar. cukup dalam menerapkan kreativitas dalam pembuatan produk. memiliki kemampuan sangat baik dalam menunjukkan sikap teliti dan tanggung jawab dalam berkarya. memiliki kemampuan sangat baik dalam menyajikan hasil karya dengan percaya diri'),
(573, 328, 9, 87, 86, 62, 89, 79, 85, 89, '80.60', '87.00', '83.16', 'baik dalam memahami proses pembuatan produk kerajinan sederhana. baik dalam menggunakan alat dan bahan dengan benar. cukup dalam menerapkan kreativitas dalam pembuatan produk. memiliki kemampuan sangat baik dalam menunjukkan sikap teliti dan tanggung jawab dalam berkarya. baik dalam menyajikan hasil karya dengan percaya diri'),
(574, 347, 9, 79, 86, 66, 67, 86, 82, 83, '76.80', '82.50', '79.08', 'baik dalam memahami proses pembuatan produk kerajinan sederhana. baik dalam menggunakan alat dan bahan dengan benar. cukup dalam menerapkan kreativitas dalam pembuatan produk. cukup dalam menunjukkan sikap teliti dan tanggung jawab dalam berkarya. baik dalam menyajikan hasil karya dengan percaya diri'),
(575, 340, 9, 86, 61, 98, 92, 74, 89, 74, '82.20', '81.50', '81.92', 'baik dalam memahami proses pembuatan produk kerajinan sederhana. cukup dalam menggunakan alat dan bahan dengan benar. memiliki kemampuan sangat baik dalam menerapkan kreativitas dalam pembuatan produk. memiliki kemampuan sangat baik dalam menunjukkan sikap teliti dan tanggung jawab dalam berkarya. cukup dalam menyajikan hasil karya dengan percaya diri'),
(576, 351, 9, 71, 96, 77, 99, 72, 82, 88, '83.00', '85.00', '83.80', 'cukup dalam memahami proses pembuatan produk kerajinan sederhana. memiliki kemampuan sangat baik dalam menggunakan alat dan bahan dengan benar. baik dalam menerapkan kreativitas dalam pembuatan produk. memiliki kemampuan sangat baik dalam menunjukkan sikap teliti dan tanggung jawab dalam berkarya. cukup dalam menyajikan hasil karya dengan percaya diri'),
(577, 325, 9, 65, 98, 84, 75, 81, 69, 78, '80.60', '73.50', '77.76', 'cukup dalam memahami proses pembuatan produk kerajinan sederhana. memiliki kemampuan sangat baik dalam menggunakan alat dan bahan dengan benar. baik dalam menerapkan kreativitas dalam pembuatan produk. baik dalam menunjukkan sikap teliti dan tanggung jawab dalam berkarya. baik dalam menyajikan hasil karya dengan percaya diri'),
(578, 334, 9, 72, 85, 81, 87, 80, 68, 68, '81.00', '68.00', '75.80', 'cukup dalam memahami proses pembuatan produk kerajinan sederhana. baik dalam menggunakan alat dan bahan dengan benar. baik dalam menerapkan kreativitas dalam pembuatan produk. baik dalam menunjukkan sikap teliti dan tanggung jawab dalam berkarya. baik dalam menyajikan hasil karya dengan percaya diri'),
(579, 344, 9, 80, 75, 62, 61, 94, 70, 97, '74.40', '83.50', '78.04', 'baik dalam memahami proses pembuatan produk kerajinan sederhana. baik dalam menggunakan alat dan bahan dengan benar. cukup dalam menerapkan kreativitas dalam pembuatan produk. cukup dalam menunjukkan sikap teliti dan tanggung jawab dalam berkarya. memiliki kemampuan sangat baik dalam menyajikan hasil karya dengan percaya diri'),
(580, 324, 6, 69, 70, 87, 93, 69, 99, 62, '77.60', '80.50', '78.76', 'cukup dalam memahami konsep bangun ruang. cukup dalam menerapkan rumus keliling dan luas. baik dalam menginterpretasikan data statistika sederhana. memiliki kemampuan sangat baik dalam menganalisis hubungan sebab akibat dalam persamaan. cukup dalam menerapkan konsep persamaan linear'),
(581, 354, 6, 90, 66, 93, 76, 77, 89, 72, '80.40', '80.50', '80.44', 'memiliki kemampuan sangat baik dalam memahami konsep bangun ruang. cukup dalam menerapkan rumus keliling dan luas. memiliki kemampuan sangat baik dalam menginterpretasikan data statistika sederhana. baik dalam menganalisis hubungan sebab akibat dalam persamaan. baik dalam menerapkan konsep persamaan linear'),
(582, 350, 6, 61, 77, 95, 60, 94, 60, 77, '77.40', '68.50', '73.84', 'cukup dalam memahami konsep bangun ruang. baik dalam menerapkan rumus keliling dan luas. memiliki kemampuan sangat baik dalam menginterpretasikan data statistika sederhana. cukup dalam menganalisis hubungan sebab akibat dalam persamaan. memiliki kemampuan sangat baik dalam menerapkan konsep persamaan linear'),
(583, 328, 6, 99, 95, 71, 70, 98, 70, 61, '86.60', '65.50', '78.16', 'memiliki kemampuan sangat baik dalam memahami konsep bangun ruang. memiliki kemampuan sangat baik dalam menerapkan rumus keliling dan luas. cukup dalam menginterpretasikan data statistika sederhana. cukup dalam menganalisis hubungan sebab akibat dalam persamaan. memiliki kemampuan sangat baik dalam menerapkan konsep persamaan linear'),
(584, 347, 6, 96, 98, 93, 68, 66, 79, 68, '84.20', '73.50', '79.92', 'memiliki kemampuan sangat baik dalam memahami konsep bangun ruang. memiliki kemampuan sangat baik dalam menerapkan rumus keliling dan luas. memiliki kemampuan sangat baik dalam menginterpretasikan data statistika sederhana. cukup dalam menganalisis hubungan sebab akibat dalam persamaan. cukup dalam menerapkan konsep persamaan linear'),
(585, 340, 6, 83, 92, 87, 98, 96, 76, 79, '91.20', '77.50', '85.72', 'baik dalam memahami konsep bangun ruang. memiliki kemampuan sangat baik dalam menerapkan rumus keliling dan luas. baik dalam menginterpretasikan data statistika sederhana. memiliki kemampuan sangat baik dalam menganalisis hubungan sebab akibat dalam persamaan. memiliki kemampuan sangat baik dalam menerapkan konsep persamaan linear'),
(586, 351, 6, 93, 85, 87, 96, 77, 73, 71, '87.60', '72.00', '81.36', 'memiliki kemampuan sangat baik dalam memahami konsep bangun ruang. baik dalam menerapkan rumus keliling dan luas. baik dalam menginterpretasikan data statistika sederhana. memiliki kemampuan sangat baik dalam menganalisis hubungan sebab akibat dalam persamaan. baik dalam menerapkan konsep persamaan linear'),
(587, 325, 6, 61, 65, 76, 96, 98, 73, 71, '79.20', '72.00', '76.32', 'cukup dalam memahami konsep bangun ruang. cukup dalam menerapkan rumus keliling dan luas. baik dalam menginterpretasikan data statistika sederhana. memiliki kemampuan sangat baik dalam menganalisis hubungan sebab akibat dalam persamaan. memiliki kemampuan sangat baik dalam menerapkan konsep persamaan linear'),
(588, 334, 6, 79, 96, 94, 71, 60, 95, 82, '80.00', '88.50', '83.40', 'baik dalam memahami konsep bangun ruang. memiliki kemampuan sangat baik dalam menerapkan rumus keliling dan luas. memiliki kemampuan sangat baik dalam menginterpretasikan data statistika sederhana. cukup dalam menganalisis hubungan sebab akibat dalam persamaan. cukup dalam menerapkan konsep persamaan linear'),
(589, 344, 6, 74, 67, 100, 97, 78, 91, 71, '83.20', '81.00', '82.32', 'cukup dalam memahami konsep bangun ruang. cukup dalam menerapkan rumus keliling dan luas. memiliki kemampuan sangat baik dalam menginterpretasikan data statistika sederhana. memiliki kemampuan sangat baik dalam menganalisis hubungan sebab akibat dalam persamaan. baik dalam menerapkan konsep persamaan linear'),
(590, 620, 1, 74, 87, 98, 67, 78, 92, 75, '80.80', '83.50', '81.88', 'cukup dalam memahami isi teks bacaan; baik dalam menulis teks dengan struktur yang benar; sangat baik dalam mengidentifikasi unsur kebahasaan; cukup dalam menyusun paragraf dengan ejaan yang tepat; baik dalam menyampaikan pendapat secara lisan dengan jelas'),
(591, 621, 1, 91, 66, 87, 74, 66, 83, 95, '76.80', '89.00', '81.68', 'sangat baik dalam memahami isi teks bacaan; cukup dalam menulis teks dengan struktur yang benar; baik dalam mengidentifikasi unsur kebahasaan; cukup dalam menyusun paragraf dengan ejaan yang tepat; cukup dalam menyampaikan pendapat secara lisan dengan jelas'),
(592, 622, 1, 96, 87, 99, 68, 78, 92, 81, '85.60', '86.50', '85.96', 'sangat baik dalam memahami isi teks bacaan; baik dalam menulis teks dengan struktur yang benar; sangat baik dalam mengidentifikasi unsur kebahasaan; cukup dalam menyusun paragraf dengan ejaan yang tepat; baik dalam menyampaikan pendapat secara lisan dengan jelas'),
(593, 623, 1, 77, 74, 94, 98, 83, 71, 97, '85.20', '84.00', '84.72', 'baik dalam memahami isi teks bacaan; cukup dalam menulis teks dengan struktur yang benar; sangat baik dalam mengidentifikasi unsur kebahasaan; sangat baik dalam menyusun paragraf dengan ejaan yang tepat; baik dalam menyampaikan pendapat secara lisan dengan jelas'),
(594, 624, 1, 73, 62, 68, 66, 85, 73, 72, '70.80', '72.50', '71.48', 'cukup dalam memahami isi teks bacaan; cukup dalam menulis teks dengan struktur yang benar; cukup dalam mengidentifikasi unsur kebahasaan; cukup dalam menyusun paragraf dengan ejaan yang tepat; baik dalam menyampaikan pendapat secara lisan dengan jelas'),
(595, 625, 1, 95, 86, 89, 63, 92, 97, 81, '85.00', '89.00', '86.60', 'sangat baik dalam memahami isi teks bacaan; baik dalam menulis teks dengan struktur yang benar; sangat baik dalam mengidentifikasi unsur kebahasaan; cukup dalam menyusun paragraf dengan ejaan yang tepat; sangat baik dalam menyampaikan pendapat secara lisan dengan jelas'),
(596, 626, 1, 69, 88, 81, 66, 84, 68, 81, '77.60', '74.50', '76.36', 'cukup dalam memahami isi teks bacaan; sangat baik dalam menulis teks dengan struktur yang benar; baik dalam mengidentifikasi unsur kebahasaan; cukup dalam menyusun paragraf dengan ejaan yang tepat; baik dalam menyampaikan pendapat secara lisan dengan jelas'),
(597, 627, 1, 72, 69, 71, 96, 65, 84, 89, '74.60', '86.50', '79.36', 'cukup dalam memahami isi teks bacaan; cukup dalam menulis teks dengan struktur yang benar; cukup dalam mengidentifikasi unsur kebahasaan; sangat baik dalam menyusun paragraf dengan ejaan yang tepat; cukup dalam menyampaikan pendapat secara lisan dengan jelas'),
(598, 628, 1, 97, 70, 60, 95, 71, 81, 84, '78.60', '82.50', '80.16', 'sangat baik dalam memahami isi teks bacaan; cukup dalam menulis teks dengan struktur yang benar; cukup dalam mengidentifikasi unsur kebahasaan; sangat baik dalam menyusun paragraf dengan ejaan yang tepat; cukup dalam menyampaikan pendapat secara lisan dengan jelas'),
(599, 629, 1, 78, 100, 98, 82, 89, 66, 69, '89.40', '67.50', '80.64', 'baik dalam memahami isi teks bacaan; sangat baik dalam menulis teks dengan struktur yang benar; sangat baik dalam mengidentifikasi unsur kebahasaan; baik dalam menyusun paragraf dengan ejaan yang tepat; sangat baik dalam menyampaikan pendapat secara lisan dengan jelas'),
(600, 630, 1, NULL, NULL, NULL, NULL, NULL, NULL, NULL, NULL, NULL, NULL, '-'),
(601, 631, 1, NULL, NULL, NULL, NULL, NULL, NULL, NULL, NULL, NULL, NULL, '-'),
(602, 632, 1, NULL, NULL, NULL, NULL, NULL, NULL, NULL, NULL, NULL, NULL, '-'),
(603, 633, 1, NULL, NULL, NULL, NULL, NULL, NULL, NULL, NULL, NULL, NULL, '-'),
(604, 634, 1, NULL, NULL, NULL, NULL, NULL, NULL, NULL, NULL, NULL, NULL, '-'),
(605, 635, 1, NULL, NULL, NULL, NULL, NULL, NULL, NULL, NULL, NULL, NULL, '-'),
(606, 636, 1, NULL, NULL, NULL, NULL, NULL, NULL, NULL, NULL, NULL, NULL, '-'),
(607, 637, 1, NULL, NULL, NULL, NULL, NULL, NULL, NULL, NULL, NULL, NULL, '-'),
(608, 612, 1, NULL, NULL, NULL, NULL, NULL, NULL, NULL, NULL, NULL, NULL, '-'),
(609, 638, 1, NULL, NULL, NULL, NULL, NULL, NULL, NULL, NULL, NULL, NULL, '-'),
(610, 639, 1, NULL, NULL, NULL, NULL, NULL, NULL, NULL, NULL, NULL, NULL, '-'),
(611, 613, 1, NULL, NULL, NULL, NULL, NULL, NULL, NULL, NULL, NULL, NULL, '-'),
(612, 640, 1, NULL, NULL, NULL, NULL, NULL, NULL, NULL, NULL, NULL, NULL, '-'),
(613, 614, 1, NULL, NULL, NULL, NULL, NULL, NULL, NULL, NULL, NULL, NULL, '-'),
(614, 615, 1, NULL, NULL, NULL, NULL, NULL, NULL, NULL, NULL, NULL, NULL, '-'),
(615, 641, 1, NULL, NULL, NULL, NULL, NULL, NULL, NULL, NULL, NULL, NULL, '-'),
(616, 616, 1, NULL, NULL, NULL, NULL, NULL, NULL, NULL, NULL, NULL, NULL, '-'),
(617, 642, 1, NULL, NULL, NULL, NULL, NULL, NULL, NULL, NULL, NULL, NULL, '-'),
(618, 617, 1, NULL, NULL, NULL, NULL, NULL, NULL, NULL, NULL, NULL, NULL, '-'),
(619, 618, 1, NULL, NULL, NULL, NULL, NULL, NULL, NULL, NULL, NULL, NULL, '-'),
(620, 619, 1, NULL, NULL, NULL, NULL, NULL, NULL, NULL, NULL, NULL, NULL, '-'),
(621, 643, 1, NULL, NULL, NULL, NULL, NULL, NULL, NULL, NULL, NULL, NULL, '-'),
(652, 620, 3, 71, 77, 76, 80, 69, 98, 64, '74.60', '81.00', '77.16', 'cukup dalam memahami konsep dasar algoritma dan logika; baik dalam menggunakan perangkat lunak pengolah kata dan angka; baik dalam membuat program sederhana sesuai perintah; baik dalam menerapkan etika dan keamanan digital; cukup dalam memecahkan masalah menggunakan teknologi informasi'),
(653, 621, 3, 80, 95, 69, 97, 89, 66, 70, '86.00', '68.00', '78.80', 'baik dalam memahami konsep dasar algoritma dan logika; sangat baik dalam menggunakan perangkat lunak pengolah kata dan angka; cukup dalam membuat program sederhana sesuai perintah; sangat baik dalam menerapkan etika dan keamanan digital; sangat baik dalam memecahkan masalah menggunakan teknologi informasi'),
(654, 622, 3, 90, 78, 71, 74, 65, 88, 89, '75.60', '88.50', '80.76', 'sangat baik dalam memahami konsep dasar algoritma dan logika; baik dalam menggunakan perangkat lunak pengolah kata dan angka; cukup dalam membuat program sederhana sesuai perintah; cukup dalam menerapkan etika dan keamanan digital; cukup dalam memecahkan masalah menggunakan teknologi informasi'),
(655, 623, 3, 92, 84, 93, 67, 85, 66, 62, '84.20', '64.00', '76.12', 'sangat baik dalam memahami konsep dasar algoritma dan logika; baik dalam menggunakan perangkat lunak pengolah kata dan angka; sangat baik dalam membuat program sederhana sesuai perintah; cukup dalam menerapkan etika dan keamanan digital; baik dalam memecahkan masalah menggunakan teknologi informasi'),
(656, 624, 3, 69, 67, 71, 92, 71, 83, 71, '74.00', '77.00', '75.20', 'cukup dalam memahami konsep dasar algoritma dan logika; cukup dalam menggunakan perangkat lunak pengolah kata dan angka; cukup dalam membuat program sederhana sesuai perintah; sangat baik dalam menerapkan etika dan keamanan digital; cukup dalam memecahkan masalah menggunakan teknologi informasi'),
(657, 625, 3, 92, 90, 73, 73, 99, 91, 71, '85.40', '81.00', '83.64', 'sangat baik dalam memahami konsep dasar algoritma dan logika; sangat baik dalam menggunakan perangkat lunak pengolah kata dan angka; cukup dalam membuat program sederhana sesuai perintah; cukup dalam menerapkan etika dan keamanan digital; sangat baik dalam memecahkan masalah menggunakan teknologi informasi'),
(658, 626, 3, 76, 66, 83, 81, 93, 81, 74, '79.80', '77.50', '78.88', 'baik dalam memahami konsep dasar algoritma dan logika; cukup dalam menggunakan perangkat lunak pengolah kata dan angka; baik dalam membuat program sederhana sesuai perintah; baik dalam menerapkan etika dan keamanan digital; sangat baik dalam memecahkan masalah menggunakan teknologi informasi'),
(659, 627, 3, 98, 88, 100, 64, 89, 74, 73, '87.80', '73.50', '82.08', 'sangat baik dalam memahami konsep dasar algoritma dan logika; sangat baik dalam menggunakan perangkat lunak pengolah kata dan angka; sangat baik dalam membuat program sederhana sesuai perintah; cukup dalam menerapkan etika dan keamanan digital; sangat baik dalam memecahkan masalah menggunakan teknologi informasi'),
(660, 628, 3, 69, 92, 74, 66, 69, 89, 80, '74.00', '84.50', '78.20', 'cukup dalam memahami konsep dasar algoritma dan logika; sangat baik dalam menggunakan perangkat lunak pengolah kata dan angka; cukup dalam membuat program sederhana sesuai perintah; cukup dalam menerapkan etika dan keamanan digital; cukup dalam memecahkan masalah menggunakan teknologi informasi'),
(661, 629, 3, 100, 76, 63, 90, 88, 60, 76, '83.40', '68.00', '77.24', 'sangat baik dalam memahami konsep dasar algoritma dan logika; baik dalam menggunakan perangkat lunak pengolah kata dan angka; cukup dalam membuat program sederhana sesuai perintah; sangat baik dalam menerapkan etika dan keamanan digital; sangat baik dalam memecahkan masalah menggunakan teknologi informasi'),
(662, 630, 3, NULL, NULL, NULL, NULL, NULL, NULL, NULL, NULL, NULL, NULL, '-'),
(663, 631, 3, NULL, NULL, NULL, NULL, NULL, NULL, NULL, NULL, NULL, NULL, '-'),
(664, 632, 3, NULL, NULL, NULL, NULL, NULL, NULL, NULL, NULL, NULL, NULL, '-'),
(665, 633, 3, NULL, NULL, NULL, NULL, NULL, NULL, NULL, NULL, NULL, NULL, '-'),
(666, 634, 3, NULL, NULL, NULL, NULL, NULL, NULL, NULL, NULL, NULL, NULL, '-'),
(667, 635, 3, NULL, NULL, NULL, NULL, NULL, NULL, NULL, NULL, NULL, NULL, '-'),
(668, 636, 3, NULL, NULL, NULL, NULL, NULL, NULL, NULL, NULL, NULL, NULL, '-'),
(669, 637, 3, NULL, NULL, NULL, NULL, NULL, NULL, NULL, NULL, NULL, NULL, '-'),
(670, 612, 3, NULL, NULL, NULL, NULL, NULL, NULL, NULL, NULL, NULL, NULL, '-'),
(671, 638, 3, NULL, NULL, NULL, NULL, NULL, NULL, NULL, NULL, NULL, NULL, '-'),
(672, 639, 3, NULL, NULL, NULL, NULL, NULL, NULL, NULL, NULL, NULL, NULL, '-'),
(673, 613, 3, NULL, NULL, NULL, NULL, NULL, NULL, NULL, NULL, NULL, NULL, '-'),
(674, 640, 3, NULL, NULL, NULL, NULL, NULL, NULL, NULL, NULL, NULL, NULL, '-'),
(675, 614, 3, NULL, NULL, NULL, NULL, NULL, NULL, NULL, NULL, NULL, NULL, '-'),
(676, 615, 3, NULL, NULL, NULL, NULL, NULL, NULL, NULL, NULL, NULL, NULL, '-'),
(677, 641, 3, NULL, NULL, NULL, NULL, NULL, NULL, NULL, NULL, NULL, NULL, '-'),
(678, 616, 3, NULL, NULL, NULL, NULL, NULL, NULL, NULL, NULL, NULL, NULL, '-'),
(679, 642, 3, NULL, NULL, NULL, NULL, NULL, NULL, NULL, NULL, NULL, NULL, '-'),
(680, 617, 3, NULL, NULL, NULL, NULL, NULL, NULL, NULL, NULL, NULL, NULL, '-'),
(681, 618, 3, NULL, NULL, NULL, NULL, NULL, NULL, NULL, NULL, NULL, NULL, '-'),
(682, 619, 3, NULL, NULL, NULL, NULL, NULL, NULL, NULL, NULL, NULL, NULL, '-'),
(683, 643, 3, NULL, NULL, NULL, NULL, NULL, NULL, NULL, NULL, NULL, NULL, '-'),
(684, 620, 2, 71, 60, 75, 91, 87, 79, 74, '76.80', '76.50', '76.68', 'cukup dalam memahami kosakata dasar; cukup dalam mengenali struktur kalimat sederhana; baik dalam menulis kalimat dengan grammar tepat; sangat baik dalam memahami teks bacaan pendek; baik dalam berkomunikasi dalam situasi sederhana'),
(685, 621, 2, 86, 65, 99, 76, 86, 88, 86, '82.40', '87.00', '84.24', 'baik dalam memahami kosakata dasar; cukup dalam mengenali struktur kalimat sederhana; sangat baik dalam menulis kalimat dengan grammar tepat; baik dalam memahami teks bacaan pendek; baik dalam berkomunikasi dalam situasi sederhana'),
(686, 622, 2, 61, 84, 92, 60, 65, 70, 86, '72.40', '78.00', '74.64', 'cukup dalam memahami kosakata dasar; baik dalam mengenali struktur kalimat sederhana; sangat baik dalam menulis kalimat dengan grammar tepat; cukup dalam memahami teks bacaan pendek; cukup dalam berkomunikasi dalam situasi sederhana'),
(687, 623, 2, 68, 91, 88, 92, 82, 76, 81, '84.20', '78.50', '81.92', 'cukup dalam memahami kosakata dasar; sangat baik dalam mengenali struktur kalimat sederhana; sangat baik dalam menulis kalimat dengan grammar tepat; sangat baik dalam memahami teks bacaan pendek; baik dalam berkomunikasi dalam situasi sederhana'),
(688, 624, 2, 71, 67, 60, 68, 90, 74, 93, '71.20', '83.50', '76.12', 'cukup dalam memahami kosakata dasar; cukup dalam mengenali struktur kalimat sederhana; cukup dalam menulis kalimat dengan grammar tepat; cukup dalam memahami teks bacaan pendek; sangat baik dalam berkomunikasi dalam situasi sederhana'),
(689, 625, 2, 87, 89, 84, 91, 72, 87, 83, '84.60', '85.00', '84.76', 'baik dalam memahami kosakata dasar; sangat baik dalam mengenali struktur kalimat sederhana; baik dalam menulis kalimat dengan grammar tepat; sangat baik dalam memahami teks bacaan pendek; cukup dalam berkomunikasi dalam situasi sederhana'),
(690, 626, 2, 62, 96, 87, 75, 74, 77, 84, '78.80', '80.50', '79.48', 'cukup dalam memahami kosakata dasar; sangat baik dalam mengenali struktur kalimat sederhana; baik dalam menulis kalimat dengan grammar tepat; baik dalam memahami teks bacaan pendek; cukup dalam berkomunikasi dalam situasi sederhana'),
(691, 627, 2, 67, 73, 77, 87, 90, 98, 79, '78.80', '88.50', '82.68', 'cukup dalam memahami kosakata dasar; cukup dalam mengenali struktur kalimat sederhana; baik dalam menulis kalimat dengan grammar tepat; baik dalam memahami teks bacaan pendek; sangat baik dalam berkomunikasi dalam situasi sederhana'),
(692, 628, 2, 98, 87, 79, 60, 97, 86, 67, '84.20', '76.50', '81.12', 'sangat baik dalam memahami kosakata dasar; baik dalam mengenali struktur kalimat sederhana; baik dalam menulis kalimat dengan grammar tepat; cukup dalam memahami teks bacaan pendek; sangat baik dalam berkomunikasi dalam situasi sederhana'),
(693, 629, 2, 62, 90, 71, 90, 62, 97, 89, '75.00', '93.00', '82.20', 'cukup dalam memahami kosakata dasar; sangat baik dalam mengenali struktur kalimat sederhana; cukup dalam menulis kalimat dengan grammar tepat; sangat baik dalam memahami teks bacaan pendek; cukup dalam berkomunikasi dalam situasi sederhana'),
(694, 630, 2, NULL, NULL, NULL, NULL, NULL, NULL, NULL, NULL, NULL, NULL, '-'),
(695, 631, 2, NULL, NULL, NULL, NULL, NULL, NULL, NULL, NULL, NULL, NULL, '-'),
(696, 632, 2, NULL, NULL, NULL, NULL, NULL, NULL, NULL, NULL, NULL, NULL, '-'),
(697, 633, 2, NULL, NULL, NULL, NULL, NULL, NULL, NULL, NULL, NULL, NULL, '-'),
(698, 634, 2, NULL, NULL, NULL, NULL, NULL, NULL, NULL, NULL, NULL, NULL, '-'),
(699, 635, 2, NULL, NULL, NULL, NULL, NULL, NULL, NULL, NULL, NULL, NULL, '-'),
(700, 636, 2, NULL, NULL, NULL, NULL, NULL, NULL, NULL, NULL, NULL, NULL, '-'),
(701, 637, 2, NULL, NULL, NULL, NULL, NULL, NULL, NULL, NULL, NULL, NULL, '-'),
(702, 612, 2, NULL, NULL, NULL, NULL, NULL, NULL, NULL, NULL, NULL, NULL, '-'),
(703, 638, 2, NULL, NULL, NULL, NULL, NULL, NULL, NULL, NULL, NULL, NULL, '-'),
(704, 639, 2, NULL, NULL, NULL, NULL, NULL, NULL, NULL, NULL, NULL, NULL, '-'),
(705, 613, 2, NULL, NULL, NULL, NULL, NULL, NULL, NULL, NULL, NULL, NULL, '-'),
(706, 640, 2, NULL, NULL, NULL, NULL, NULL, NULL, NULL, NULL, NULL, NULL, '-'),
(707, 614, 2, NULL, NULL, NULL, NULL, NULL, NULL, NULL, NULL, NULL, NULL, '-'),
(708, 615, 2, NULL, NULL, NULL, NULL, NULL, NULL, NULL, NULL, NULL, NULL, '-'),
(709, 641, 2, NULL, NULL, NULL, NULL, NULL, NULL, NULL, NULL, NULL, NULL, '-'),
(710, 616, 2, NULL, NULL, NULL, NULL, NULL, NULL, NULL, NULL, NULL, NULL, '-'),
(711, 642, 2, NULL, NULL, NULL, NULL, NULL, NULL, NULL, NULL, NULL, NULL, '-'),
(712, 617, 2, NULL, NULL, NULL, NULL, NULL, NULL, NULL, NULL, NULL, NULL, '-'),
(713, 618, 2, NULL, NULL, NULL, NULL, NULL, NULL, NULL, NULL, NULL, NULL, '-'),
(714, 619, 2, NULL, NULL, NULL, NULL, NULL, NULL, NULL, NULL, NULL, NULL, '-'),
(715, 643, 2, NULL, NULL, NULL, NULL, NULL, NULL, NULL, NULL, NULL, NULL, '-'),
(716, 324, 1, 79, 82, 70, 80, 87, 95, 93, '79.60', '94.00', '85.36', 'baik dalam memahami isi teks bacaan. baik dalam menulis teks dengan struktur yang benar. cukup dalam mengidentifikasi unsur kebahasaan. baik dalam menyusun paragraf dengan ejaan yang tepat. baik dalam menyampaikan pendapat secara lisan dengan jelas'),
(717, 354, 1, 74, 70, 72, 71, 81, 63, 63, '73.60', '63.00', '69.36', 'cukup dalam memahami isi teks bacaan. cukup dalam menulis teks dengan struktur yang benar. cukup dalam mengidentifikasi unsur kebahasaan. cukup dalam menyusun paragraf dengan ejaan yang tepat. baik dalam menyampaikan pendapat secara lisan dengan jelas'),
(718, 350, 1, 98, 87, 100, 89, 100, 82, 71, '94.80', '76.50', '87.48', 'memiliki kemampuan sangat baik dalam memahami isi teks bacaan. baik dalam menulis teks dengan struktur yang benar. memiliki kemampuan sangat baik dalam mengidentifikasi unsur kebahasaan. memiliki kemampuan sangat baik dalam menyusun paragraf dengan ejaan yang tepat. memiliki kemampuan sangat baik dalam menyampaikan pendapat secara lisan dengan jelas'),
(719, 328, 1, 64, 65, 69, 83, 83, 62, 77, '72.80', '69.50', '71.48', 'cukup dalam memahami isi teks bacaan. cukup dalam menulis teks dengan struktur yang benar. cukup dalam mengidentifikasi unsur kebahasaan. baik dalam menyusun paragraf dengan ejaan yang tepat. baik dalam menyampaikan pendapat secara lisan dengan jelas'),
(720, 347, 1, 91, 81, 100, 77, 95, 79, 85, '88.80', '82.00', '86.08', 'memiliki kemampuan sangat baik dalam memahami isi teks bacaan. baik dalam menulis teks dengan struktur yang benar. memiliki kemampuan sangat baik dalam mengidentifikasi unsur kebahasaan. baik dalam menyusun paragraf dengan ejaan yang tepat. memiliki kemampuan sangat baik dalam menyampaikan pendapat secara lisan dengan jelas'),
(721, 340, 1, 61, 92, 61, 78, 61, 62, 83, '70.60', '72.50', '71.36', 'cukup dalam memahami isi teks bacaan. memiliki kemampuan sangat baik dalam menulis teks dengan struktur yang benar. cukup dalam mengidentifikasi unsur kebahasaan. baik dalam menyusun paragraf dengan ejaan yang tepat. cukup dalam menyampaikan pendapat secara lisan dengan jelas'),
(722, 351, 1, 99, 100, 87, 96, 73, 75, 75, '91.00', '75.00', '84.60', 'memiliki kemampuan sangat baik dalam memahami isi teks bacaan. memiliki kemampuan sangat baik dalam menulis teks dengan struktur yang benar. baik dalam mengidentifikasi unsur kebahasaan. memiliki kemampuan sangat baik dalam menyusun paragraf dengan ejaan yang tepat. cukup dalam menyampaikan pendapat secara lisan dengan jelas'),
(723, 325, 1, 66, 79, 97, 80, 83, 84, 70, '81.00', '77.00', '79.40', 'cukup dalam memahami isi teks bacaan. baik dalam menulis teks dengan struktur yang benar. memiliki kemampuan sangat baik dalam mengidentifikasi unsur kebahasaan. baik dalam menyusun paragraf dengan ejaan yang tepat. baik dalam menyampaikan pendapat secara lisan dengan jelas'),
(724, 334, 1, 93, 61, 63, 92, 72, 63, 78, '76.20', '70.50', '73.92', 'memiliki kemampuan sangat baik dalam memahami isi teks bacaan. cukup dalam menulis teks dengan struktur yang benar. cukup dalam mengidentifikasi unsur kebahasaan. memiliki kemampuan sangat baik dalam menyusun paragraf dengan ejaan yang tepat. cukup dalam menyampaikan pendapat secara lisan dengan jelas'),
(725, 344, 1, 94, 60, 95, 99, 85, 82, 68, '86.60', '75.00', '81.96', 'memiliki kemampuan sangat baik dalam memahami isi teks bacaan. cukup dalam menulis teks dengan struktur yang benar. memiliki kemampuan sangat baik dalam mengidentifikasi unsur kebahasaan. memiliki kemampuan sangat baik dalam menyusun paragraf dengan ejaan yang tepat. baik dalam menyampaikan pendapat secara lisan dengan jelas');
INSERT INTO `scores` (`id`, `student_id`, `mapel_id`, `sumatif_a`, `sumatif_b`, `sumatif_c`, `sumatif_d`, `sumatif_e`, `asts`, `asas`, `avg_sumatif`, `avg_asts_asas`, `raport_score`, `description`) VALUES
(726, 324, 2, 71, 76, 91, 93, 94, 84, 62, '85.00', '73.00', '80.20', 'cukup dalam memahami kosakata dasar. baik dalam mengenali struktur kalimat sederhana. memiliki kemampuan sangat baik dalam menulis kalimat dengan grammar tepat. memiliki kemampuan sangat baik dalam memahami teks bacaan pendek. memiliki kemampuan sangat baik dalam berkomunikasi dalam situasi sederhana'),
(727, 354, 2, 74, 81, 68, 75, 61, 92, 68, '71.80', '80.00', '75.08', 'cukup dalam memahami kosakata dasar. baik dalam mengenali struktur kalimat sederhana. cukup dalam menulis kalimat dengan grammar tepat. baik dalam memahami teks bacaan pendek. cukup dalam berkomunikasi dalam situasi sederhana'),
(728, 350, 2, 83, 85, 87, 97, 63, 98, 73, '83.00', '85.50', '84.00', 'baik dalam memahami kosakata dasar. baik dalam mengenali struktur kalimat sederhana. baik dalam menulis kalimat dengan grammar tepat. memiliki kemampuan sangat baik dalam memahami teks bacaan pendek. cukup dalam berkomunikasi dalam situasi sederhana'),
(729, 328, 2, 87, 95, 79, 71, 65, 97, 71, '79.40', '84.00', '81.24', 'baik dalam memahami kosakata dasar. memiliki kemampuan sangat baik dalam mengenali struktur kalimat sederhana. baik dalam menulis kalimat dengan grammar tepat. cukup dalam memahami teks bacaan pendek. cukup dalam berkomunikasi dalam situasi sederhana'),
(730, 347, 2, 87, 75, 66, 72, 80, 98, 90, '76.00', '94.00', '83.20', 'baik dalam memahami kosakata dasar. baik dalam mengenali struktur kalimat sederhana. cukup dalam menulis kalimat dengan grammar tepat. cukup dalam memahami teks bacaan pendek. baik dalam berkomunikasi dalam situasi sederhana'),
(731, 340, 2, 100, 75, 83, 75, 85, 89, 84, '83.60', '86.50', '84.76', 'memiliki kemampuan sangat baik dalam memahami kosakata dasar. baik dalam mengenali struktur kalimat sederhana. baik dalam menulis kalimat dengan grammar tepat. baik dalam memahami teks bacaan pendek. baik dalam berkomunikasi dalam situasi sederhana'),
(732, 351, 2, 67, 82, 86, 74, 100, 76, 76, '81.80', '76.00', '79.48', 'cukup dalam memahami kosakata dasar. baik dalam mengenali struktur kalimat sederhana. baik dalam menulis kalimat dengan grammar tepat. cukup dalam memahami teks bacaan pendek. memiliki kemampuan sangat baik dalam berkomunikasi dalam situasi sederhana'),
(733, 325, 2, 85, 68, 89, 91, 98, 96, 63, '86.20', '79.50', '83.52', 'baik dalam memahami kosakata dasar. cukup dalam mengenali struktur kalimat sederhana. memiliki kemampuan sangat baik dalam menulis kalimat dengan grammar tepat. memiliki kemampuan sangat baik dalam memahami teks bacaan pendek. memiliki kemampuan sangat baik dalam berkomunikasi dalam situasi sederhana'),
(734, 334, 2, 65, 97, 65, 87, 82, 81, 87, '79.20', '84.00', '81.12', 'cukup dalam memahami kosakata dasar. memiliki kemampuan sangat baik dalam mengenali struktur kalimat sederhana. cukup dalam menulis kalimat dengan grammar tepat. baik dalam memahami teks bacaan pendek. baik dalam berkomunikasi dalam situasi sederhana'),
(735, 344, 2, 68, 100, 99, 85, 66, 62, 80, '83.60', '71.00', '78.56', 'cukup dalam memahami kosakata dasar. memiliki kemampuan sangat baik dalam mengenali struktur kalimat sederhana. memiliki kemampuan sangat baik dalam menulis kalimat dengan grammar tepat. baik dalam memahami teks bacaan pendek. cukup dalam berkomunikasi dalam situasi sederhana'),
(736, 324, 3, 98, 96, 68, 75, 98, 87, 87, '87.00', '87.00', '87.00', 'memiliki kemampuan sangat baik dalam memahami konsep dasar algoritma dan logika. memiliki kemampuan sangat baik dalam menggunakan perangkat lunak pengolah kata dan angka. cukup dalam membuat program sederhana sesuai perintah. baik dalam menerapkan etika dan keamanan digital. memiliki kemampuan sangat baik dalam memecahkan masalah menggunakan teknologi informasi'),
(737, 354, 3, 61, 69, 90, 74, 95, 61, 93, '77.80', '77.00', '77.48', 'cukup dalam memahami konsep dasar algoritma dan logika. cukup dalam menggunakan perangkat lunak pengolah kata dan angka. memiliki kemampuan sangat baik dalam membuat program sederhana sesuai perintah. cukup dalam menerapkan etika dan keamanan digital. memiliki kemampuan sangat baik dalam memecahkan masalah menggunakan teknologi informasi'),
(738, 350, 3, 84, 61, 80, 65, 82, 86, 83, '74.40', '84.50', '78.44', 'baik dalam memahami konsep dasar algoritma dan logika. cukup dalam menggunakan perangkat lunak pengolah kata dan angka. baik dalam membuat program sederhana sesuai perintah. cukup dalam menerapkan etika dan keamanan digital. baik dalam memecahkan masalah menggunakan teknologi informasi'),
(739, 328, 3, 80, 70, 99, 67, 89, 62, 75, '81.00', '68.50', '76.00', 'baik dalam memahami konsep dasar algoritma dan logika. cukup dalam menggunakan perangkat lunak pengolah kata dan angka. memiliki kemampuan sangat baik dalam membuat program sederhana sesuai perintah. cukup dalam menerapkan etika dan keamanan digital. memiliki kemampuan sangat baik dalam memecahkan masalah menggunakan teknologi informasi'),
(740, 347, 3, 75, 83, 67, 72, 74, 92, 64, '74.20', '78.00', '75.72', 'baik dalam memahami konsep dasar algoritma dan logika. baik dalam menggunakan perangkat lunak pengolah kata dan angka. cukup dalam membuat program sederhana sesuai perintah. cukup dalam menerapkan etika dan keamanan digital. cukup dalam memecahkan masalah menggunakan teknologi informasi'),
(741, 340, 3, 99, 98, 65, 67, 80, 84, 79, '81.80', '81.50', '81.68', 'memiliki kemampuan sangat baik dalam memahami konsep dasar algoritma dan logika. memiliki kemampuan sangat baik dalam menggunakan perangkat lunak pengolah kata dan angka. cukup dalam membuat program sederhana sesuai perintah. cukup dalam menerapkan etika dan keamanan digital. baik dalam memecahkan masalah menggunakan teknologi informasi'),
(742, 351, 3, 79, 82, 76, 74, 71, 97, 66, '76.40', '81.50', '78.44', 'baik dalam memahami konsep dasar algoritma dan logika. baik dalam menggunakan perangkat lunak pengolah kata dan angka. baik dalam membuat program sederhana sesuai perintah. cukup dalam menerapkan etika dan keamanan digital. cukup dalam memecahkan masalah menggunakan teknologi informasi'),
(743, 325, 3, 81, 60, 100, 83, 96, 72, 84, '84.00', '78.00', '81.60', 'baik dalam memahami konsep dasar algoritma dan logika. cukup dalam menggunakan perangkat lunak pengolah kata dan angka. memiliki kemampuan sangat baik dalam membuat program sederhana sesuai perintah. baik dalam menerapkan etika dan keamanan digital. memiliki kemampuan sangat baik dalam memecahkan masalah menggunakan teknologi informasi'),
(744, 334, 3, 89, 100, 84, 77, 71, 96, 60, '84.20', '78.00', '81.72', 'memiliki kemampuan sangat baik dalam memahami konsep dasar algoritma dan logika. memiliki kemampuan sangat baik dalam menggunakan perangkat lunak pengolah kata dan angka. baik dalam membuat program sederhana sesuai perintah. baik dalam menerapkan etika dan keamanan digital. cukup dalam memecahkan masalah menggunakan teknologi informasi'),
(745, 344, 3, 75, 87, 63, 85, 71, 87, 66, '76.20', '76.50', '76.32', 'baik dalam memahami konsep dasar algoritma dan logika. baik dalam menggunakan perangkat lunak pengolah kata dan angka. cukup dalam membuat program sederhana sesuai perintah. baik dalam menerapkan etika dan keamanan digital. cukup dalam memecahkan masalah menggunakan teknologi informasi'),
(746, 164, 1, 72, 90, 95, 63, 87, 60, 62, '81.40', '61.00', '73.24', 'cukup dalam memahami isi teks bacaan. memiliki kemampuan sangat baik dalam menulis teks dengan struktur yang benar. memiliki kemampuan sangat baik dalam mengidentifikasi unsur kebahasaan. cukup dalam menyusun paragraf dengan ejaan yang tepat. baik dalam menyampaikan pendapat secara lisan dengan jelas'),
(747, 194, 1, 95, 82, 68, 66, 91, 85, 78, '80.40', '81.50', '80.84', 'memiliki kemampuan sangat baik dalam memahami isi teks bacaan. baik dalam menulis teks dengan struktur yang benar. cukup dalam mengidentifikasi unsur kebahasaan. cukup dalam menyusun paragraf dengan ejaan yang tepat. memiliki kemampuan sangat baik dalam menyampaikan pendapat secara lisan dengan jelas'),
(748, 174, 1, 64, 64, 74, 92, 83, 70, 95, '75.40', '82.50', '78.24', 'cukup dalam memahami isi teks bacaan. cukup dalam menulis teks dengan struktur yang benar. cukup dalam mengidentifikasi unsur kebahasaan. memiliki kemampuan sangat baik dalam menyusun paragraf dengan ejaan yang tepat. baik dalam menyampaikan pendapat secara lisan dengan jelas'),
(749, 190, 1, 87, 88, 79, 95, 61, 99, 85, '82.00', '92.00', '86.00', 'baik dalam memahami isi teks bacaan. memiliki kemampuan sangat baik dalam menulis teks dengan struktur yang benar. baik dalam mengidentifikasi unsur kebahasaan. memiliki kemampuan sangat baik dalam menyusun paragraf dengan ejaan yang tepat. cukup dalam menyampaikan pendapat secara lisan dengan jelas'),
(750, 168, 1, 72, 85, 76, 64, 68, 77, 90, '73.00', '83.50', '77.20', 'cukup dalam memahami isi teks bacaan. baik dalam menulis teks dengan struktur yang benar. baik dalam mengidentifikasi unsur kebahasaan. cukup dalam menyusun paragraf dengan ejaan yang tepat. cukup dalam menyampaikan pendapat secara lisan dengan jelas'),
(751, 187, 1, 93, 70, 81, 65, 84, 87, 82, '78.60', '84.50', '80.96', 'memiliki kemampuan sangat baik dalam memahami isi teks bacaan. cukup dalam menulis teks dengan struktur yang benar. baik dalam mengidentifikasi unsur kebahasaan. cukup dalam menyusun paragraf dengan ejaan yang tepat. baik dalam menyampaikan pendapat secara lisan dengan jelas'),
(752, 180, 1, 69, 63, 91, 100, 83, 81, 100, '81.20', '90.50', '84.92', 'cukup dalam memahami isi teks bacaan. cukup dalam menulis teks dengan struktur yang benar. memiliki kemampuan sangat baik dalam mengidentifikasi unsur kebahasaan. memiliki kemampuan sangat baik dalam menyusun paragraf dengan ejaan yang tepat. baik dalam menyampaikan pendapat secara lisan dengan jelas'),
(753, 191, 1, 67, 85, 83, 87, 84, 77, 67, '81.20', '72.00', '77.52', 'cukup dalam memahami isi teks bacaan. baik dalam menulis teks dengan struktur yang benar. baik dalam mengidentifikasi unsur kebahasaan. baik dalam menyusun paragraf dengan ejaan yang tepat. baik dalam menyampaikan pendapat secara lisan dengan jelas'),
(754, 165, 1, 90, 97, 73, 90, 70, 65, 65, '84.00', '65.00', '76.40', 'memiliki kemampuan sangat baik dalam memahami isi teks bacaan. memiliki kemampuan sangat baik dalam menulis teks dengan struktur yang benar. cukup dalam mengidentifikasi unsur kebahasaan. memiliki kemampuan sangat baik dalam menyusun paragraf dengan ejaan yang tepat. cukup dalam menyampaikan pendapat secara lisan dengan jelas'),
(755, 184, 1, 89, 67, 75, 92, 71, 91, 66, '78.80', '78.50', '78.68', 'memiliki kemampuan sangat baik dalam memahami isi teks bacaan. cukup dalam menulis teks dengan struktur yang benar. baik dalam mengidentifikasi unsur kebahasaan. memiliki kemampuan sangat baik dalam menyusun paragraf dengan ejaan yang tepat. cukup dalam menyampaikan pendapat secara lisan dengan jelas'),
(756, 164, 2, 61, 68, 94, 86, 63, 88, 70, '74.40', '79.00', '76.24', 'cukup dalam memahami kosakata dasar. cukup dalam mengenali struktur kalimat sederhana. memiliki kemampuan sangat baik dalam menulis kalimat dengan grammar tepat. baik dalam memahami teks bacaan pendek. cukup dalam berkomunikasi dalam situasi sederhana'),
(757, 194, 2, 68, 74, 89, 86, 63, 88, 70, '76.00', '79.00', '77.20', 'cukup dalam memahami kosakata dasar. cukup dalam mengenali struktur kalimat sederhana. memiliki kemampuan sangat baik dalam menulis kalimat dengan grammar tepat. baik dalam memahami teks bacaan pendek. cukup dalam berkomunikasi dalam situasi sederhana'),
(758, 174, 2, 68, 60, 82, 67, 61, 85, 73, '67.60', '79.00', '72.16', 'cukup dalam memahami kosakata dasar. cukup dalam mengenali struktur kalimat sederhana. baik dalam menulis kalimat dengan grammar tepat. cukup dalam memahami teks bacaan pendek. cukup dalam berkomunikasi dalam situasi sederhana'),
(759, 190, 2, 95, 92, 95, 62, 91, 79, 60, '87.00', '69.50', '80.00', 'memiliki kemampuan sangat baik dalam memahami kosakata dasar. memiliki kemampuan sangat baik dalam mengenali struktur kalimat sederhana. memiliki kemampuan sangat baik dalam menulis kalimat dengan grammar tepat. cukup dalam memahami teks bacaan pendek. memiliki kemampuan sangat baik dalam berkomunikasi dalam situasi sederhana'),
(760, 168, 2, 85, 89, 99, 60, 66, 87, 67, '79.80', '77.00', '78.68', 'baik dalam memahami kosakata dasar. memiliki kemampuan sangat baik dalam mengenali struktur kalimat sederhana. memiliki kemampuan sangat baik dalam menulis kalimat dengan grammar tepat. cukup dalam memahami teks bacaan pendek. cukup dalam berkomunikasi dalam situasi sederhana'),
(761, 187, 2, 60, 96, 82, 100, 71, 80, 61, '81.80', '70.50', '77.28', 'cukup dalam memahami kosakata dasar. memiliki kemampuan sangat baik dalam mengenali struktur kalimat sederhana. baik dalam menulis kalimat dengan grammar tepat. memiliki kemampuan sangat baik dalam memahami teks bacaan pendek. cukup dalam berkomunikasi dalam situasi sederhana'),
(762, 180, 2, 83, 86, 62, 67, 98, 91, 62, '79.20', '76.50', '78.12', 'baik dalam memahami kosakata dasar. baik dalam mengenali struktur kalimat sederhana. cukup dalam menulis kalimat dengan grammar tepat. cukup dalam memahami teks bacaan pendek. memiliki kemampuan sangat baik dalam berkomunikasi dalam situasi sederhana'),
(763, 191, 2, 72, 78, 65, 99, 79, 84, 62, '78.60', '73.00', '76.36', 'cukup dalam memahami kosakata dasar. baik dalam mengenali struktur kalimat sederhana. cukup dalam menulis kalimat dengan grammar tepat. memiliki kemampuan sangat baik dalam memahami teks bacaan pendek. baik dalam berkomunikasi dalam situasi sederhana'),
(764, 165, 2, 76, 81, 76, 74, 71, 84, 84, '75.60', '84.00', '78.96', 'baik dalam memahami kosakata dasar. baik dalam mengenali struktur kalimat sederhana. baik dalam menulis kalimat dengan grammar tepat. cukup dalam memahami teks bacaan pendek. cukup dalam berkomunikasi dalam situasi sederhana'),
(765, 184, 2, 96, 61, 78, 87, 100, 78, 95, '84.40', '86.50', '85.24', 'memiliki kemampuan sangat baik dalam memahami kosakata dasar. cukup dalam mengenali struktur kalimat sederhana. baik dalam menulis kalimat dengan grammar tepat. baik dalam memahami teks bacaan pendek. memiliki kemampuan sangat baik dalam berkomunikasi dalam situasi sederhana'),
(766, 164, 3, 67, 81, 81, 97, 65, 64, 90, '78.20', '77.00', '77.72', 'cukup dalam memahami konsep dasar algoritma dan logika. baik dalam menggunakan perangkat lunak pengolah kata dan angka. baik dalam membuat program sederhana sesuai perintah. memiliki kemampuan sangat baik dalam menerapkan etika dan keamanan digital. cukup dalam memecahkan masalah menggunakan teknologi informasi'),
(767, 194, 3, 60, 96, 96, 95, 72, 60, 64, '83.80', '62.00', '75.08', 'cukup dalam memahami konsep dasar algoritma dan logika. memiliki kemampuan sangat baik dalam menggunakan perangkat lunak pengolah kata dan angka. memiliki kemampuan sangat baik dalam membuat program sederhana sesuai perintah. memiliki kemampuan sangat baik dalam menerapkan etika dan keamanan digital. cukup dalam memecahkan masalah menggunakan teknologi informasi'),
(768, 174, 3, 82, 64, 67, 88, 64, 86, 87, '73.00', '86.50', '78.40', 'baik dalam memahami konsep dasar algoritma dan logika. cukup dalam menggunakan perangkat lunak pengolah kata dan angka. cukup dalam membuat program sederhana sesuai perintah. memiliki kemampuan sangat baik dalam menerapkan etika dan keamanan digital. cukup dalam memecahkan masalah menggunakan teknologi informasi'),
(769, 190, 3, 76, 65, 65, 83, 88, 86, 83, '75.40', '84.50', '79.04', 'baik dalam memahami konsep dasar algoritma dan logika. cukup dalam menggunakan perangkat lunak pengolah kata dan angka. cukup dalam membuat program sederhana sesuai perintah. baik dalam menerapkan etika dan keamanan digital. memiliki kemampuan sangat baik dalam memecahkan masalah menggunakan teknologi informasi'),
(770, 168, 3, 63, 95, 95, 74, 86, 84, 98, '82.60', '91.00', '85.96', 'cukup dalam memahami konsep dasar algoritma dan logika. memiliki kemampuan sangat baik dalam menggunakan perangkat lunak pengolah kata dan angka. memiliki kemampuan sangat baik dalam membuat program sederhana sesuai perintah. cukup dalam menerapkan etika dan keamanan digital. baik dalam memecahkan masalah menggunakan teknologi informasi'),
(771, 187, 3, 83, 60, 62, 84, 66, 82, 70, '71.00', '76.00', '73.00', 'baik dalam memahami konsep dasar algoritma dan logika. cukup dalam menggunakan perangkat lunak pengolah kata dan angka. cukup dalam membuat program sederhana sesuai perintah. baik dalam menerapkan etika dan keamanan digital. cukup dalam memecahkan masalah menggunakan teknologi informasi'),
(772, 180, 3, 95, 75, 99, 87, 87, 64, 94, '88.60', '79.00', '84.76', 'memiliki kemampuan sangat baik dalam memahami konsep dasar algoritma dan logika. baik dalam menggunakan perangkat lunak pengolah kata dan angka. memiliki kemampuan sangat baik dalam membuat program sederhana sesuai perintah. baik dalam menerapkan etika dan keamanan digital. baik dalam memecahkan masalah menggunakan teknologi informasi'),
(773, 191, 3, 68, 61, 93, 85, 60, 75, 76, '73.40', '75.50', '74.24', 'cukup dalam memahami konsep dasar algoritma dan logika. cukup dalam menggunakan perangkat lunak pengolah kata dan angka. memiliki kemampuan sangat baik dalam membuat program sederhana sesuai perintah. baik dalam menerapkan etika dan keamanan digital. cukup dalam memecahkan masalah menggunakan teknologi informasi'),
(774, 165, 3, 99, 76, 71, 64, 95, 88, 63, '81.00', '75.50', '78.80', 'memiliki kemampuan sangat baik dalam memahami konsep dasar algoritma dan logika. baik dalam menggunakan perangkat lunak pengolah kata dan angka. cukup dalam membuat program sederhana sesuai perintah. cukup dalam menerapkan etika dan keamanan digital. memiliki kemampuan sangat baik dalam memecahkan masalah menggunakan teknologi informasi'),
(775, 184, 3, 92, 67, 97, 95, 73, 77, 91, '84.80', '84.00', '84.48', 'memiliki kemampuan sangat baik dalam memahami konsep dasar algoritma dan logika. cukup dalam menggunakan perangkat lunak pengolah kata dan angka. memiliki kemampuan sangat baik dalam membuat program sederhana sesuai perintah. memiliki kemampuan sangat baik dalam menerapkan etika dan keamanan digital. cukup dalam memecahkan masalah menggunakan teknologi informasi'),
(776, 568, 7, 81, 99, 94, 98, 67, 74, 92, '87.80', '83.00', '85.88', 'baik dalam mempraktikkan gerak dasar dalam permainan olahraga; sangat baik dalam menunjukkan sikap sportivitas dalam kegiatan fisik; sangat baik dalam memahami manfaat aktivitas fisik bagi kesehatan; sangat baik dalam menjaga kebugaran tubuh melalui olahraga teratur; cukup dalam menerapkan keselamatan dan kesehatan dalam berolahraga'),
(777, 569, 7, 70, 78, 77, 85, 83, 74, 88, '78.60', '81.00', '79.56', 'cukup dalam mempraktikkan gerak dasar dalam permainan olahraga; baik dalam menunjukkan sikap sportivitas dalam kegiatan fisik; baik dalam memahami manfaat aktivitas fisik bagi kesehatan; baik dalam menjaga kebugaran tubuh melalui olahraga teratur; baik dalam menerapkan keselamatan dan kesehatan dalam berolahraga'),
(778, 570, 7, 73, 96, 88, 76, 90, 98, 69, '84.60', '83.50', '84.16', 'cukup dalam mempraktikkan gerak dasar dalam permainan olahraga; sangat baik dalam menunjukkan sikap sportivitas dalam kegiatan fisik; sangat baik dalam memahami manfaat aktivitas fisik bagi kesehatan; baik dalam menjaga kebugaran tubuh melalui olahraga teratur; sangat baik dalam menerapkan keselamatan dan kesehatan dalam berolahraga'),
(779, 571, 7, 73, 80, 71, 83, 61, 94, 85, '73.60', '89.50', '79.96', 'cukup dalam mempraktikkan gerak dasar dalam permainan olahraga; baik dalam menunjukkan sikap sportivitas dalam kegiatan fisik; cukup dalam memahami manfaat aktivitas fisik bagi kesehatan; baik dalam menjaga kebugaran tubuh melalui olahraga teratur; cukup dalam menerapkan keselamatan dan kesehatan dalam berolahraga'),
(780, 572, 7, 67, 97, 77, 74, 60, 87, 80, '75.00', '83.50', '78.40', 'cukup dalam mempraktikkan gerak dasar dalam permainan olahraga; sangat baik dalam menunjukkan sikap sportivitas dalam kegiatan fisik; baik dalam memahami manfaat aktivitas fisik bagi kesehatan; cukup dalam menjaga kebugaran tubuh melalui olahraga teratur; cukup dalam menerapkan keselamatan dan kesehatan dalam berolahraga'),
(781, 573, 7, 74, 67, 89, 75, 75, 62, 69, '76.00', '65.50', '71.80', 'cukup dalam mempraktikkan gerak dasar dalam permainan olahraga; cukup dalam menunjukkan sikap sportivitas dalam kegiatan fisik; sangat baik dalam memahami manfaat aktivitas fisik bagi kesehatan; baik dalam menjaga kebugaran tubuh melalui olahraga teratur; baik dalam menerapkan keselamatan dan kesehatan dalam berolahraga'),
(782, 548, 7, 64, 88, 75, 97, 78, 74, 92, '80.40', '83.00', '81.44', 'cukup dalam mempraktikkan gerak dasar dalam permainan olahraga; sangat baik dalam menunjukkan sikap sportivitas dalam kegiatan fisik; baik dalam memahami manfaat aktivitas fisik bagi kesehatan; sangat baik dalam menjaga kebugaran tubuh melalui olahraga teratur; baik dalam menerapkan keselamatan dan kesehatan dalam berolahraga'),
(783, 574, 7, 97, 71, 76, 87, 82, 70, 72, '82.60', '71.00', '77.96', 'sangat baik dalam mempraktikkan gerak dasar dalam permainan olahraga; cukup dalam menunjukkan sikap sportivitas dalam kegiatan fisik; baik dalam memahami manfaat aktivitas fisik bagi kesehatan; baik dalam menjaga kebugaran tubuh melalui olahraga teratur; baik dalam menerapkan keselamatan dan kesehatan dalam berolahraga'),
(784, 549, 7, 88, 89, 74, 91, 81, 78, 66, '84.60', '72.00', '79.56', 'sangat baik dalam mempraktikkan gerak dasar dalam permainan olahraga; sangat baik dalam menunjukkan sikap sportivitas dalam kegiatan fisik; cukup dalam memahami manfaat aktivitas fisik bagi kesehatan; sangat baik dalam menjaga kebugaran tubuh melalui olahraga teratur; baik dalam menerapkan keselamatan dan kesehatan dalam berolahraga'),
(785, 575, 7, 77, 83, 65, 82, 81, 93, 60, '77.60', '76.50', '77.16', 'baik dalam mempraktikkan gerak dasar dalam permainan olahraga; baik dalam menunjukkan sikap sportivitas dalam kegiatan fisik; cukup dalam memahami manfaat aktivitas fisik bagi kesehatan; baik dalam menjaga kebugaran tubuh melalui olahraga teratur; baik dalam menerapkan keselamatan dan kesehatan dalam berolahraga'),
(786, 550, 7, NULL, NULL, NULL, NULL, NULL, NULL, NULL, NULL, NULL, NULL, '-'),
(787, 576, 7, NULL, NULL, NULL, NULL, NULL, NULL, NULL, NULL, NULL, NULL, '-'),
(788, 551, 7, NULL, NULL, NULL, NULL, NULL, NULL, NULL, NULL, NULL, NULL, '-'),
(789, 577, 7, NULL, NULL, NULL, NULL, NULL, NULL, NULL, NULL, NULL, NULL, '-'),
(790, 578, 7, NULL, NULL, NULL, NULL, NULL, NULL, NULL, NULL, NULL, NULL, '-'),
(791, 552, 7, NULL, NULL, NULL, NULL, NULL, NULL, NULL, NULL, NULL, NULL, '-'),
(792, 553, 7, NULL, NULL, NULL, NULL, NULL, NULL, NULL, NULL, NULL, NULL, '-'),
(793, 579, 7, NULL, NULL, NULL, NULL, NULL, NULL, NULL, NULL, NULL, NULL, '-'),
(794, 554, 7, NULL, NULL, NULL, NULL, NULL, NULL, NULL, NULL, NULL, NULL, '-'),
(795, 555, 7, NULL, NULL, NULL, NULL, NULL, NULL, NULL, NULL, NULL, NULL, '-'),
(796, 556, 7, NULL, NULL, NULL, NULL, NULL, NULL, NULL, NULL, NULL, NULL, '-'),
(797, 557, 7, NULL, NULL, NULL, NULL, NULL, NULL, NULL, NULL, NULL, NULL, '-'),
(798, 558, 7, NULL, NULL, NULL, NULL, NULL, NULL, NULL, NULL, NULL, NULL, '-'),
(799, 559, 7, NULL, NULL, NULL, NULL, NULL, NULL, NULL, NULL, NULL, NULL, '-'),
(800, 560, 7, NULL, NULL, NULL, NULL, NULL, NULL, NULL, NULL, NULL, NULL, '-'),
(801, 561, 7, NULL, NULL, NULL, NULL, NULL, NULL, NULL, NULL, NULL, NULL, '-'),
(802, 562, 7, NULL, NULL, NULL, NULL, NULL, NULL, NULL, NULL, NULL, NULL, '-'),
(803, 563, 7, NULL, NULL, NULL, NULL, NULL, NULL, NULL, NULL, NULL, NULL, '-'),
(804, 564, 7, NULL, NULL, NULL, NULL, NULL, NULL, NULL, NULL, NULL, NULL, '-'),
(805, 565, 7, NULL, NULL, NULL, NULL, NULL, NULL, NULL, NULL, NULL, NULL, '-'),
(806, 566, 7, NULL, NULL, NULL, NULL, NULL, NULL, NULL, NULL, NULL, NULL, '-'),
(807, 567, 7, NULL, NULL, NULL, NULL, NULL, NULL, NULL, NULL, NULL, NULL, '-'),
(819, 164, 7, 75, 65, 76, 74, 76, 73, 71, '73.20', '72.00', '72.72', 'baik dalam mempraktikkan gerak dasar dalam permainan olahraga. cukup dalam menunjukkan sikap sportivitas dalam kegiatan fisik. baik dalam memahami manfaat aktivitas fisik bagi kesehatan. cukup dalam menjaga kebugaran tubuh melalui olahraga teratur. baik dalam menerapkan keselamatan dan kesehatan dalam berolahraga'),
(820, 194, 7, 72, 70, 60, 84, 89, 86, 63, '75.00', '74.50', '74.80', 'cukup dalam mempraktikkan gerak dasar dalam permainan olahraga. cukup dalam menunjukkan sikap sportivitas dalam kegiatan fisik. cukup dalam memahami manfaat aktivitas fisik bagi kesehatan. baik dalam menjaga kebugaran tubuh melalui olahraga teratur. memiliki kemampuan sangat baik dalam menerapkan keselamatan dan kesehatan dalam berolahraga'),
(821, 174, 7, 88, 71, 92, 98, 85, 79, 62, '86.80', '70.50', '80.28', 'memiliki kemampuan sangat baik dalam mempraktikkan gerak dasar dalam permainan olahraga. cukup dalam menunjukkan sikap sportivitas dalam kegiatan fisik. memiliki kemampuan sangat baik dalam memahami manfaat aktivitas fisik bagi kesehatan. memiliki kemampuan sangat baik dalam menjaga kebugaran tubuh melalui olahraga teratur. baik dalam menerapkan keselamatan dan kesehatan dalam berolahraga'),
(822, 190, 7, 95, 94, 79, 82, 67, 67, 79, '83.40', '73.00', '79.24', 'memiliki kemampuan sangat baik dalam mempraktikkan gerak dasar dalam permainan olahraga. memiliki kemampuan sangat baik dalam menunjukkan sikap sportivitas dalam kegiatan fisik. baik dalam memahami manfaat aktivitas fisik bagi kesehatan. baik dalam menjaga kebugaran tubuh melalui olahraga teratur. cukup dalam menerapkan keselamatan dan kesehatan dalam berolahraga'),
(823, 168, 7, 79, 81, 61, 80, 84, 80, 65, '77.00', '72.50', '75.20', 'baik dalam mempraktikkan gerak dasar dalam permainan olahraga. baik dalam menunjukkan sikap sportivitas dalam kegiatan fisik. cukup dalam memahami manfaat aktivitas fisik bagi kesehatan. baik dalam menjaga kebugaran tubuh melalui olahraga teratur. baik dalam menerapkan keselamatan dan kesehatan dalam berolahraga'),
(824, 187, 7, 99, 76, 88, 63, 85, 87, 75, '82.20', '81.00', '81.72', 'memiliki kemampuan sangat baik dalam mempraktikkan gerak dasar dalam permainan olahraga. baik dalam menunjukkan sikap sportivitas dalam kegiatan fisik. memiliki kemampuan sangat baik dalam memahami manfaat aktivitas fisik bagi kesehatan. cukup dalam menjaga kebugaran tubuh melalui olahraga teratur. baik dalam menerapkan keselamatan dan kesehatan dalam berolahraga'),
(825, 180, 7, 64, 94, 87, 73, 88, 83, 62, '81.20', '72.50', '77.72', 'cukup dalam mempraktikkan gerak dasar dalam permainan olahraga. memiliki kemampuan sangat baik dalam menunjukkan sikap sportivitas dalam kegiatan fisik. baik dalam memahami manfaat aktivitas fisik bagi kesehatan. cukup dalam menjaga kebugaran tubuh melalui olahraga teratur. memiliki kemampuan sangat baik dalam menerapkan keselamatan dan kesehatan dalam berolahraga'),
(826, 191, 7, 63, 71, 81, 89, 100, 69, 86, '80.80', '77.50', '79.48', 'cukup dalam mempraktikkan gerak dasar dalam permainan olahraga. cukup dalam menunjukkan sikap sportivitas dalam kegiatan fisik. baik dalam memahami manfaat aktivitas fisik bagi kesehatan. memiliki kemampuan sangat baik dalam menjaga kebugaran tubuh melalui olahraga teratur. memiliki kemampuan sangat baik dalam menerapkan keselamatan dan kesehatan dalam berolahraga'),
(827, 165, 7, 94, 77, 71, 90, 67, 78, 93, '79.80', '85.50', '82.08', 'memiliki kemampuan sangat baik dalam mempraktikkan gerak dasar dalam permainan olahraga. baik dalam menunjukkan sikap sportivitas dalam kegiatan fisik. cukup dalam memahami manfaat aktivitas fisik bagi kesehatan. memiliki kemampuan sangat baik dalam menjaga kebugaran tubuh melalui olahraga teratur. cukup dalam menerapkan keselamatan dan kesehatan dalam berolahraga'),
(828, 184, 7, 68, 98, 95, 64, 69, 62, 89, '78.80', '75.50', '77.48', 'cukup dalam mempraktikkan gerak dasar dalam permainan olahraga. memiliki kemampuan sangat baik dalam menunjukkan sikap sportivitas dalam kegiatan fisik. memiliki kemampuan sangat baik dalam memahami manfaat aktivitas fisik bagi kesehatan. cukup dalam menjaga kebugaran tubuh melalui olahraga teratur. cukup dalam menerapkan keselamatan dan kesehatan dalam berolahraga'),
(829, 164, 4, 62, 100, 77, 90, 84, 92, 91, '82.60', '91.50', '86.16', 'cukup dalam memahami konsep dasar gaya, energi, dan materi. memiliki kemampuan sangat baik dalam melakukan pengamatan dan percobaan sederhana. baik dalam menganalisis hubungan antar makhluk hidup dan lingkungannya. memiliki kemampuan sangat baik dalam menjelaskan perubahan wujud benda dan prosesnya. baik dalam menerapkan konsep ilmiah dalam kehidupan sehari-hari'),
(830, 194, 4, 74, 98, 98, 74, 63, 81, 80, '81.40', '80.50', '81.04', 'cukup dalam memahami konsep dasar gaya, energi, dan materi. memiliki kemampuan sangat baik dalam melakukan pengamatan dan percobaan sederhana. memiliki kemampuan sangat baik dalam menganalisis hubungan antar makhluk hidup dan lingkungannya. cukup dalam menjelaskan perubahan wujud benda dan prosesnya. cukup dalam menerapkan konsep ilmiah dalam kehidupan sehari-hari'),
(831, 174, 4, 77, 77, 68, 67, 96, 96, 88, '77.00', '92.00', '83.00', 'baik dalam memahami konsep dasar gaya, energi, dan materi. baik dalam melakukan pengamatan dan percobaan sederhana. cukup dalam menganalisis hubungan antar makhluk hidup dan lingkungannya. cukup dalam menjelaskan perubahan wujud benda dan prosesnya. memiliki kemampuan sangat baik dalam menerapkan konsep ilmiah dalam kehidupan sehari-hari'),
(832, 190, 4, 69, 96, 95, 92, 61, 90, 94, '82.60', '92.00', '86.36', 'cukup dalam memahami konsep dasar gaya, energi, dan materi. memiliki kemampuan sangat baik dalam melakukan pengamatan dan percobaan sederhana. memiliki kemampuan sangat baik dalam menganalisis hubungan antar makhluk hidup dan lingkungannya. memiliki kemampuan sangat baik dalam menjelaskan perubahan wujud benda dan prosesnya. cukup dalam menerapkan konsep ilmiah dalam kehidupan sehari-hari'),
(833, 168, 4, 82, 89, 81, 80, 83, 89, 73, '83.00', '81.00', '82.20', 'baik dalam memahami konsep dasar gaya, energi, dan materi. memiliki kemampuan sangat baik dalam melakukan pengamatan dan percobaan sederhana. baik dalam menganalisis hubungan antar makhluk hidup dan lingkungannya. baik dalam menjelaskan perubahan wujud benda dan prosesnya. baik dalam menerapkan konsep ilmiah dalam kehidupan sehari-hari'),
(834, 187, 4, 82, 84, 77, 64, 95, 85, 85, '80.40', '85.00', '82.24', 'baik dalam memahami konsep dasar gaya, energi, dan materi. baik dalam melakukan pengamatan dan percobaan sederhana. baik dalam menganalisis hubungan antar makhluk hidup dan lingkungannya. cukup dalam menjelaskan perubahan wujud benda dan prosesnya. memiliki kemampuan sangat baik dalam menerapkan konsep ilmiah dalam kehidupan sehari-hari'),
(835, 180, 4, 75, 90, 96, 62, 62, 83, 80, '77.00', '81.50', '78.80', 'baik dalam memahami konsep dasar gaya, energi, dan materi. memiliki kemampuan sangat baik dalam melakukan pengamatan dan percobaan sederhana. memiliki kemampuan sangat baik dalam menganalisis hubungan antar makhluk hidup dan lingkungannya. cukup dalam menjelaskan perubahan wujud benda dan prosesnya. cukup dalam menerapkan konsep ilmiah dalam kehidupan sehari-hari'),
(836, 191, 4, 71, 69, 86, 93, 69, 69, 78, '77.60', '73.50', '75.96', 'cukup dalam memahami konsep dasar gaya, energi, dan materi. cukup dalam melakukan pengamatan dan percobaan sederhana. baik dalam menganalisis hubungan antar makhluk hidup dan lingkungannya. memiliki kemampuan sangat baik dalam menjelaskan perubahan wujud benda dan prosesnya. cukup dalam menerapkan konsep ilmiah dalam kehidupan sehari-hari'),
(837, 165, 4, 94, 89, 75, 60, 88, 79, 61, '81.20', '70.00', '76.72', 'memiliki kemampuan sangat baik dalam memahami konsep dasar gaya, energi, dan materi. memiliki kemampuan sangat baik dalam melakukan pengamatan dan percobaan sederhana. baik dalam menganalisis hubungan antar makhluk hidup dan lingkungannya. cukup dalam menjelaskan perubahan wujud benda dan prosesnya. memiliki kemampuan sangat baik dalam menerapkan konsep ilmiah dalam kehidupan sehari-hari'),
(838, 184, 4, 91, 67, 99, 92, 84, 99, 91, '86.60', '95.00', '89.96', 'memiliki kemampuan sangat baik dalam memahami konsep dasar gaya, energi, dan materi. cukup dalam melakukan pengamatan dan percobaan sederhana. memiliki kemampuan sangat baik dalam menganalisis hubungan antar makhluk hidup dan lingkungannya. memiliki kemampuan sangat baik dalam menjelaskan perubahan wujud benda dan prosesnya. baik dalam menerapkan konsep ilmiah dalam kehidupan sehari-hari'),
(839, 164, 5, 74, 91, 81, 77, 98, 72, 69, '84.20', '70.50', '78.72', 'cukup dalam memahami interaksi sosial dalam kehidupan masyarakat. memiliki kemampuan sangat baik dalam menjelaskan peristiwa sejarah dan pengaruhnya. baik dalam menganalisis kegiatan ekonomi masyarakat. baik dalam mengidentifikasi kondisi geografis wilayah Indonesia. memiliki kemampuan sangat baik dalam menunjukkan sikap tanggung jawab sebagai warga negara'),
(840, 194, 5, 99, 88, 78, 98, 84, 63, 100, '89.40', '81.50', '86.24', 'memiliki kemampuan sangat baik dalam memahami interaksi sosial dalam kehidupan masyarakat. memiliki kemampuan sangat baik dalam menjelaskan peristiwa sejarah dan pengaruhnya. baik dalam menganalisis kegiatan ekonomi masyarakat. memiliki kemampuan sangat baik dalam mengidentifikasi kondisi geografis wilayah Indonesia. baik dalam menunjukkan sikap tanggung jawab sebagai warga negara'),
(841, 174, 5, 70, 66, 97, 64, 72, 83, 60, '73.80', '71.50', '72.88', 'cukup dalam memahami interaksi sosial dalam kehidupan masyarakat. cukup dalam menjelaskan peristiwa sejarah dan pengaruhnya. memiliki kemampuan sangat baik dalam menganalisis kegiatan ekonomi masyarakat. cukup dalam mengidentifikasi kondisi geografis wilayah Indonesia. cukup dalam menunjukkan sikap tanggung jawab sebagai warga negara'),
(842, 190, 5, 64, 87, 92, 62, 84, 87, 95, '77.80', '91.00', '83.08', 'cukup dalam memahami interaksi sosial dalam kehidupan masyarakat. baik dalam menjelaskan peristiwa sejarah dan pengaruhnya. memiliki kemampuan sangat baik dalam menganalisis kegiatan ekonomi masyarakat. cukup dalam mengidentifikasi kondisi geografis wilayah Indonesia. baik dalam menunjukkan sikap tanggung jawab sebagai warga negara'),
(843, 168, 5, 69, 71, 78, 64, 82, 79, 83, '72.80', '81.00', '76.08', 'cukup dalam memahami interaksi sosial dalam kehidupan masyarakat. cukup dalam menjelaskan peristiwa sejarah dan pengaruhnya. baik dalam menganalisis kegiatan ekonomi masyarakat. cukup dalam mengidentifikasi kondisi geografis wilayah Indonesia. baik dalam menunjukkan sikap tanggung jawab sebagai warga negara'),
(844, 187, 5, 97, 92, 81, 80, 96, 85, 85, '89.20', '85.00', '87.52', 'memiliki kemampuan sangat baik dalam memahami interaksi sosial dalam kehidupan masyarakat. memiliki kemampuan sangat baik dalam menjelaskan peristiwa sejarah dan pengaruhnya. baik dalam menganalisis kegiatan ekonomi masyarakat. baik dalam mengidentifikasi kondisi geografis wilayah Indonesia. memiliki kemampuan sangat baik dalam menunjukkan sikap tanggung jawab sebagai warga negara'),
(845, 180, 5, 93, 73, 65, 100, 64, 64, 64, '79.00', '64.00', '73.00', 'memiliki kemampuan sangat baik dalam memahami interaksi sosial dalam kehidupan masyarakat. cukup dalam menjelaskan peristiwa sejarah dan pengaruhnya. cukup dalam menganalisis kegiatan ekonomi masyarakat. memiliki kemampuan sangat baik dalam mengidentifikasi kondisi geografis wilayah Indonesia. cukup dalam menunjukkan sikap tanggung jawab sebagai warga negara'),
(846, 191, 5, 84, 79, 93, 64, 66, 65, 67, '77.20', '66.00', '72.72', 'baik dalam memahami interaksi sosial dalam kehidupan masyarakat. baik dalam menjelaskan peristiwa sejarah dan pengaruhnya. memiliki kemampuan sangat baik dalam menganalisis kegiatan ekonomi masyarakat. cukup dalam mengidentifikasi kondisi geografis wilayah Indonesia. cukup dalam menunjukkan sikap tanggung jawab sebagai warga negara'),
(847, 165, 5, 75, 75, 91, 70, 75, 83, 84, '77.20', '83.50', '79.72', 'baik dalam memahami interaksi sosial dalam kehidupan masyarakat. baik dalam menjelaskan peristiwa sejarah dan pengaruhnya. memiliki kemampuan sangat baik dalam menganalisis kegiatan ekonomi masyarakat. cukup dalam mengidentifikasi kondisi geografis wilayah Indonesia. baik dalam menunjukkan sikap tanggung jawab sebagai warga negara'),
(848, 184, 5, 87, 88, 60, 60, 91, 78, 63, '77.20', '70.50', '74.52', 'baik dalam memahami interaksi sosial dalam kehidupan masyarakat. memiliki kemampuan sangat baik dalam menjelaskan peristiwa sejarah dan pengaruhnya. cukup dalam menganalisis kegiatan ekonomi masyarakat. cukup dalam mengidentifikasi kondisi geografis wilayah Indonesia. memiliki kemampuan sangat baik dalam menunjukkan sikap tanggung jawab sebagai warga negara'),
(849, 164, 6, 89, 61, 82, 84, 65, 70, 69, '76.20', '69.50', '73.52', 'memiliki kemampuan sangat baik dalam memahami konsep bangun ruang. cukup dalam menerapkan rumus keliling dan luas. baik dalam menginterpretasikan data statistika sederhana. baik dalam menganalisis hubungan sebab akibat dalam persamaan. cukup dalam menerapkan konsep persamaan linear'),
(850, 194, 6, 93, 65, 82, 78, 79, 88, 79, '79.40', '83.50', '81.04', 'memiliki kemampuan sangat baik dalam memahami konsep bangun ruang. cukup dalam menerapkan rumus keliling dan luas. baik dalam menginterpretasikan data statistika sederhana. baik dalam menganalisis hubungan sebab akibat dalam persamaan. baik dalam menerapkan konsep persamaan linear'),
(851, 174, 6, 88, 69, 76, 79, 70, 63, 81, '76.40', '72.00', '74.64', 'memiliki kemampuan sangat baik dalam memahami konsep bangun ruang. cukup dalam menerapkan rumus keliling dan luas. baik dalam menginterpretasikan data statistika sederhana. baik dalam menganalisis hubungan sebab akibat dalam persamaan. cukup dalam menerapkan konsep persamaan linear'),
(852, 190, 6, 87, 96, 70, 75, 69, 65, 97, '79.40', '81.00', '80.04', 'baik dalam memahami konsep bangun ruang. memiliki kemampuan sangat baik dalam menerapkan rumus keliling dan luas. cukup dalam menginterpretasikan data statistika sederhana. baik dalam menganalisis hubungan sebab akibat dalam persamaan. cukup dalam menerapkan konsep persamaan linear'),
(853, 168, 6, 96, 67, 84, 95, 65, 83, 61, '81.40', '72.00', '77.64', 'memiliki kemampuan sangat baik dalam memahami konsep bangun ruang. cukup dalam menerapkan rumus keliling dan luas. baik dalam menginterpretasikan data statistika sederhana. memiliki kemampuan sangat baik dalam menganalisis hubungan sebab akibat dalam persamaan. cukup dalam menerapkan konsep persamaan linear'),
(854, 187, 6, 80, 64, 87, 69, 71, 80, 92, '74.20', '86.00', '78.92', 'baik dalam memahami konsep bangun ruang. cukup dalam menerapkan rumus keliling dan luas. baik dalam menginterpretasikan data statistika sederhana. cukup dalam menganalisis hubungan sebab akibat dalam persamaan. cukup dalam menerapkan konsep persamaan linear'),
(855, 180, 6, 73, 69, 81, 81, 81, 63, 98, '77.00', '80.50', '78.40', 'cukup dalam memahami konsep bangun ruang. cukup dalam menerapkan rumus keliling dan luas. baik dalam menginterpretasikan data statistika sederhana. baik dalam menganalisis hubungan sebab akibat dalam persamaan. baik dalam menerapkan konsep persamaan linear'),
(856, 191, 6, 73, 93, 96, 92, 69, 74, 72, '84.60', '73.00', '79.96', 'cukup dalam memahami konsep bangun ruang. memiliki kemampuan sangat baik dalam menerapkan rumus keliling dan luas. memiliki kemampuan sangat baik dalam menginterpretasikan data statistika sederhana. memiliki kemampuan sangat baik dalam menganalisis hubungan sebab akibat dalam persamaan. cukup dalam menerapkan konsep persamaan linear'),
(857, 165, 6, 91, 79, 80, 78, 78, 64, 92, '81.20', '78.00', '79.92', 'memiliki kemampuan sangat baik dalam memahami konsep bangun ruang. baik dalam menerapkan rumus keliling dan luas. baik dalam menginterpretasikan data statistika sederhana. baik dalam menganalisis hubungan sebab akibat dalam persamaan. baik dalam menerapkan konsep persamaan linear'),
(858, 184, 6, 100, 78, 63, 92, 98, 83, 77, '86.20', '80.00', '83.72', 'memiliki kemampuan sangat baik dalam memahami konsep bangun ruang. baik dalam menerapkan rumus keliling dan luas. cukup dalam menginterpretasikan data statistika sederhana. memiliki kemampuan sangat baik dalam menganalisis hubungan sebab akibat dalam persamaan. memiliki kemampuan sangat baik dalam menerapkan konsep persamaan linear'),
(859, 4, 1, 20, NULL, NULL, NULL, NULL, 20, 40, '20.00', '30.00', '24.00', 'perlu bimbingan dalam memahami isi teks bacaan'),
(860, 10, 1, NULL, NULL, NULL, NULL, NULL, NULL, NULL, NULL, NULL, NULL, '-'),
(861, 27, 1, NULL, NULL, NULL, NULL, NULL, NULL, NULL, NULL, NULL, NULL, '-'),
(862, 16, 1, NULL, NULL, NULL, NULL, NULL, NULL, NULL, NULL, NULL, NULL, '-'),
(863, 8, 1, NULL, NULL, NULL, NULL, NULL, NULL, NULL, NULL, NULL, NULL, '-'),
(864, 28, 1, NULL, NULL, NULL, NULL, NULL, NULL, NULL, NULL, NULL, NULL, '-'),
(865, 20, 1, NULL, NULL, NULL, NULL, NULL, NULL, NULL, NULL, NULL, NULL, '-'),
(866, 34, 1, NULL, NULL, NULL, NULL, NULL, NULL, NULL, NULL, NULL, NULL, '-'),
(867, 5, 1, NULL, NULL, NULL, NULL, NULL, NULL, NULL, NULL, NULL, NULL, '-'),
(868, 25, 1, NULL, NULL, NULL, NULL, NULL, NULL, NULL, NULL, NULL, NULL, '-'),
(869, 33, 1, NULL, NULL, NULL, NULL, NULL, NULL, NULL, NULL, NULL, NULL, '-'),
(870, 35, 1, NULL, NULL, NULL, NULL, NULL, NULL, NULL, NULL, NULL, NULL, '-'),
(871, 14, 1, NULL, NULL, NULL, NULL, NULL, NULL, NULL, NULL, NULL, NULL, '-'),
(872, 11, 1, NULL, NULL, NULL, NULL, NULL, NULL, NULL, NULL, NULL, NULL, '-'),
(873, 31, 1, NULL, NULL, NULL, NULL, NULL, NULL, NULL, NULL, NULL, NULL, '-'),
(874, 12, 1, NULL, NULL, NULL, NULL, NULL, NULL, NULL, NULL, NULL, NULL, '-'),
(875, 24, 1, NULL, NULL, NULL, NULL, NULL, NULL, NULL, NULL, NULL, NULL, '-'),
(876, 30, 1, NULL, NULL, NULL, NULL, NULL, NULL, NULL, NULL, NULL, NULL, '-'),
(877, 13, 1, NULL, NULL, NULL, NULL, NULL, NULL, NULL, NULL, NULL, NULL, '-'),
(878, 19, 1, NULL, NULL, NULL, NULL, NULL, NULL, NULL, NULL, NULL, NULL, '-'),
(879, 23, 1, NULL, NULL, NULL, NULL, NULL, NULL, NULL, NULL, NULL, NULL, '-'),
(880, 17, 1, NULL, NULL, NULL, NULL, NULL, NULL, NULL, NULL, NULL, NULL, '-'),
(881, 26, 1, NULL, NULL, NULL, NULL, NULL, NULL, NULL, NULL, NULL, NULL, '-'),
(882, 22, 1, NULL, NULL, NULL, NULL, NULL, NULL, NULL, NULL, NULL, NULL, '-'),
(883, 9, 1, NULL, NULL, NULL, NULL, NULL, NULL, NULL, NULL, NULL, NULL, '-'),
(884, 29, 1, NULL, NULL, NULL, NULL, NULL, NULL, NULL, NULL, NULL, NULL, '-'),
(885, 6, 1, NULL, NULL, NULL, NULL, NULL, NULL, NULL, NULL, NULL, NULL, '-'),
(886, 21, 1, NULL, NULL, NULL, NULL, NULL, NULL, NULL, NULL, NULL, NULL, '-'),
(887, 7, 1, NULL, NULL, NULL, NULL, NULL, NULL, NULL, NULL, NULL, NULL, '-'),
(888, 32, 1, NULL, NULL, NULL, NULL, NULL, NULL, NULL, NULL, NULL, NULL, '-'),
(889, 15, 1, NULL, NULL, NULL, NULL, NULL, NULL, NULL, NULL, NULL, NULL, '-'),
(890, 18, 1, NULL, NULL, NULL, NULL, NULL, NULL, NULL, NULL, NULL, NULL, '-');

-- --------------------------------------------------------

--
-- Struktur dari tabel `students`
--

CREATE TABLE `students` (
  `id` int(11) NOT NULL,
  `name` varchar(100) NOT NULL,
  `class_id` int(11) DEFAULT NULL
) ENGINE=InnoDB DEFAULT CHARSET=utf8mb4 COLLATE=utf8mb4_general_ci;

--
-- Dumping data untuk tabel `students`
--

INSERT INTO `students` (`id`, `name`, `class_id`) VALUES
(4, 'Ahmad Fajar Pratama', 4),
(5, 'Dewi Ayu Lestari', 4),
(6, 'Rizky Adi Nugroho', 4),
(7, 'Siti Nurhaliza', 4),
(8, 'Budi Santoso', 4),
(9, 'Rani Oktaviani', 4),
(10, 'Andi Setiawan', 4),
(11, 'Fitri Handayani', 4),
(12, 'Hendra Gunawan', 4),
(13, 'Lilis Marlina', 4),
(14, 'Fauzan Ramadhan', 4),
(15, 'Wulan Puspitasari', 4),
(16, 'Bayu Saputra', 4),
(17, 'Nur Aini', 4),
(18, 'Yudi Kurniawan', 4),
(19, 'Mega Anggraini', 4),
(20, 'Dedi Firmansyah', 4),
(21, 'Salsa Bela Putri', 4),
(22, 'Rangga Saputra', 4),
(23, 'Nabila Zahra', 4),
(24, 'Ilham Maulana', 4),
(25, 'Dwi Cahya', 4),
(26, 'Putri Amelia', 4),
(27, 'Arif Budiman', 4),
(28, 'Citra Dewi', 4),
(29, 'Rico Prasetyo', 4),
(30, 'Intan Permata', 4),
(31, 'Galih Septian', 4),
(32, 'Tia Safitri', 4),
(33, 'Eko Yulianto', 4),
(34, 'Desi Kartika', 4),
(35, 'Fajar Nugraha', 4),
(36, 'Adi Saputra', 5),
(37, 'Dewi Kurniasih', 5),
(38, 'Rizal Firmansyah', 5),
(39, 'Siti Maulida', 5),
(40, 'Bayu Pratama', 5),
(41, 'Lina Marlina', 5),
(42, 'Fahmi Ramadhan', 5),
(43, 'Putri Ayu', 5),
(44, 'Heri Santoso', 5),
(45, 'Mega Puspita', 5),
(46, 'Andri Kurniawan', 5),
(47, 'Novi Anggraini', 5),
(48, 'Yudi Saputra', 5),
(49, 'Fitriani', 5),
(50, 'Rangga Prasetyo', 5),
(51, 'Salsa Amelia', 5),
(52, 'Dedi Kurnia', 5),
(53, 'Nurul Hidayah', 5),
(54, 'Ilham Fajar', 5),
(55, 'Rani Kartika', 5),
(56, 'Eko Wahyudi', 5),
(57, 'Intan Permatasari', 5),
(58, 'Fajar Ramadhan', 5),
(59, 'Citra Dewi', 5),
(60, 'Galih Saputra', 5),
(61, 'Tia Lestari', 5),
(62, 'Arif Nugroho', 5),
(63, 'Desi Anggun', 5),
(64, 'Hendra Gunawan', 5),
(65, 'Nabila Zahra', 5),
(66, 'Andi Prasetya', 5),
(67, 'Wulan Safitri', 5),
(68, 'Ahmad Syahrul', 6),
(69, 'Dewi Puspitasari', 6),
(70, 'Rizky Nugroho', 6),
(71, 'Siti Nurhaliza', 6),
(72, 'Budi Hartono', 6),
(73, 'Lilis Anggraini', 6),
(74, 'Fauzan Hidayat', 6),
(75, 'Putri Amelia', 6),
(76, 'Hendra Wijaya', 6),
(77, 'Mega Sari', 6),
(78, 'Dimas Ramadhan', 6),
(79, 'Novi Kartika', 6),
(80, 'Yudi Setiawan', 6),
(81, 'Fitri Handayani', 6),
(82, 'Rangga Saputra', 6),
(83, 'Salsa Zahra', 6),
(84, 'Dedi Firmansyah', 6),
(85, 'Nurul Aini', 6),
(86, 'Ilham Maulana', 6),
(87, 'Rani Oktaviani', 6),
(88, 'Eko Santoso', 6),
(89, 'Intan Cahya', 6),
(90, 'Fajar Nugraha', 6),
(91, 'Citra Wulandari', 6),
(92, 'Galih Septian', 6),
(93, 'Tia Safitri', 6),
(94, 'Arif Budiman', 6),
(95, 'Desi Marlina', 6),
(96, 'Rico Prasetyo', 6),
(97, 'Nabila Ayu', 6),
(98, 'Andri Kurniawan', 6),
(99, 'Wulan Puspita', 6),
(100, 'Adi Nugroho', 7),
(101, 'Dewi Ayuningtyas', 7),
(102, 'Rizal Saputra', 7),
(103, 'Siti Marlina', 7),
(104, 'Bayu Ramadhan', 7),
(105, 'Lina Safitri', 7),
(106, 'Fahmi Setiawan', 7),
(107, 'Putri Lestari', 7),
(108, 'Heri Kurniawan', 7),
(109, 'Mega Anggraini', 7),
(110, 'Andri Pratama', 7),
(111, 'Novi Puspita', 7),
(112, 'Yudi Firmansyah', 7),
(113, 'Fitri Handayani', 7),
(114, 'Rangga Wibowo', 7),
(115, 'Salsa Amelia', 7),
(116, 'Dedi Prasetyo', 7),
(117, 'Nurul Aisyah', 7),
(118, 'Ilham Hidayat', 7),
(119, 'Rani Cahya', 7),
(120, 'Eko Wibowo', 7),
(121, 'Intan Safira', 7),
(122, 'Fajar Ramadhan', 7),
(123, 'Citra Amelia', 7),
(124, 'Galih Nugroho', 7),
(125, 'Tia Permata', 7),
(126, 'Arif Kurniawan', 7),
(127, 'Desi Kartika', 7),
(128, 'Rico Ramadhan', 7),
(129, 'Nabila Zahra', 7),
(130, 'Andi Setiawan', 7),
(131, 'Wulan Lestari', 7),
(132, 'Ahmad Fajar', 8),
(133, 'Dewi Pertiwi', 8),
(134, 'Rizky Adi', 8),
(135, 'Siti Aminah', 8),
(136, 'Budi Santoso', 8),
(137, 'Lilis Ayu', 8),
(138, 'Fauzan Pratama', 8),
(139, 'Putri Ningsih', 8),
(140, 'Hendra Kurniawan', 8),
(141, 'Mega Lestari', 8),
(142, 'Dimas Cahyo', 8),
(143, 'Novi Handayani', 8),
(144, 'Yudi Saputra', 8),
(145, 'Fitri Marlina', 8),
(146, 'Rangga Pratama', 8),
(147, 'Salsa Wulandari', 8),
(148, 'Dedi Kurniawan', 8),
(149, 'Nurul Hidayah', 8),
(150, 'Ilham Septian', 8),
(151, 'Rani Kartika', 8),
(152, 'Eko Nugroho', 8),
(153, 'Intan Cahya', 8),
(154, 'Fajar Hidayat', 8),
(155, 'Citra Safira', 8),
(156, 'Galih Prasetyo', 8),
(157, 'Tia Anggraini', 8),
(158, 'Arif Maulana', 8),
(159, 'Desi Puspitasari', 8),
(160, 'Rico Setiawan', 8),
(161, 'Nabila Salsabila', 8),
(162, 'Andi Firmansyah', 8),
(163, 'Wulan Aisyah', 8),
(164, 'Agus Pratama', 9),
(165, 'Dewi Kartika', 9),
(166, 'Rizky Saputra', 9),
(167, 'Siti Rahmawati', 9),
(168, 'Bayu Hidayat', 9),
(169, 'Lina Ayu', 9),
(170, 'Fahmi Ramadhan', 9),
(171, 'Putri Cahya', 9),
(172, 'Heri Kurniawan', 9),
(173, 'Mega Puspita', 9),
(174, 'Andri Nugroho', 9),
(175, 'Novi Permata', 9),
(176, 'Yudi Ramadhan', 9),
(177, 'Fitri Marlina', 9),
(178, 'Rangga Setiawan', 9),
(179, 'Salsa Amelia', 9),
(180, 'Dedi Wibowo', 9),
(181, 'Nurul Aini', 9),
(182, 'Ilham Prasetyo', 9),
(183, 'Rani Safitri', 9),
(184, 'Eko Firmansyah', 9),
(185, 'Intan Lestari', 9),
(186, 'Fajar Nugraha', 9),
(187, 'Citra Anggraini', 9),
(188, 'Galih Santoso', 9),
(189, 'Tia Zahra', 9),
(190, 'Arif Kurnia', 9),
(191, 'Desi Puspitasari', 9),
(192, 'Hendra Wijaya', 9),
(193, 'Nabila Ayuningtyas', 9),
(194, 'Andi Maulana', 9),
(195, 'Wulan Fitriani', 9),
(196, 'Ahmad Fadhil', 10),
(197, 'Dewi Sulastri', 10),
(198, 'Rizal Setiawan', 10),
(199, 'Siti Marlina', 10),
(200, 'Budi Prasetyo', 10),
(201, 'Lilis Puspita', 10),
(202, 'Fauzan Maulana', 10),
(203, 'Putri Anggun', 10),
(204, 'Hendra Santoso', 10),
(205, 'Mega Kartika', 10),
(206, 'Dimas Saputra', 10),
(207, 'Novi Zahra', 10),
(208, 'Yudi Wibowo', 10),
(209, 'Fitriani', 10),
(210, 'Rangga Nugraha', 10),
(211, 'Salsa Ayu', 10),
(212, 'Dedi Firmansyah', 10),
(213, 'Nurul Cahya', 10),
(214, 'Ilham Ramadhan', 10),
(215, 'Rani Kartika', 10),
(216, 'Eko Nugroho', 10),
(217, 'Intan Permatasari', 10),
(218, 'Fajar Ramadhan', 10),
(219, 'Citra Amelia', 10),
(220, 'Galih Wibowo', 10),
(221, 'Tia Safitri', 10),
(222, 'Arif Nugroho', 10),
(223, 'Desi Anggraini', 10),
(224, 'Rico Septian', 10),
(225, 'Nabila Zahra', 10),
(226, 'Andi Pratama', 10),
(227, 'Wulan Lestari', 10),
(260, 'Ahmad Ramadhan', 12),
(261, 'Dewi Anggraini', 12),
(262, 'Rizal Prasetyo', 12),
(263, 'Siti Lestari', 12),
(264, 'Budi Santoso', 12),
(265, 'Lilis Kartika', 12),
(266, 'Fauzan Nugraha', 12),
(267, 'Putri Amelia', 12),
(268, 'Hendra Wibowo', 12),
(269, 'Mega Puspitasari', 12),
(270, 'Dimas Cahya', 12),
(271, 'Novi Permata', 12),
(272, 'Yudi Kurniawan', 12),
(273, 'Fitri Ramadhani', 12),
(274, 'Rangga Maulana', 12),
(275, 'Salsa Amelia', 12),
(276, 'Dedi Firmansyah', 12),
(277, 'Nurul Aini', 12),
(278, 'Ilham Pratama', 12),
(279, 'Rani Safitri', 12),
(280, 'Eko Nugroho', 12),
(281, 'Intan Permatasari', 12),
(282, 'Fajar Hidayat', 12),
(283, 'Citra Anggun', 12),
(284, 'Galih Setiawan', 12),
(285, 'Tia Puspita', 12),
(286, 'Arif Nugraha', 12),
(287, 'Desi Marlina', 12),
(288, 'Rico Septian', 12),
(289, 'Nabila Zahra', 12),
(290, 'Andi Saputra', 12),
(291, 'Wulan Lestari', 12),
(292, 'Agung Pratama', 13),
(293, 'Dewi Ramadhani', 13),
(294, 'Rizky Kurniawan', 13),
(295, 'Siti Nurjanah', 13),
(296, 'Bayu Saputra', 13),
(297, 'Lina Puspita', 13),
(298, 'Fahmi Nugroho', 13),
(299, 'Putri Amelia', 13),
(300, 'Heri Setiawan', 13),
(301, 'Mega Wulandari', 13),
(302, 'Andri Maulana', 13),
(303, 'Novi Lestari', 13),
(304, 'Yudi Santoso', 13),
(305, 'Fitri Kartika', 13),
(306, 'Rangga Pratama', 13),
(307, 'Salsa Zahra', 13),
(308, 'Dedi Saputra', 13),
(309, 'Nurul Hidayah', 13),
(310, 'Ilham Septian', 13),
(311, 'Rani Permata', 13),
(312, 'Eko Firmansyah', 13),
(313, 'Intan Anggraini', 13),
(314, 'Fajar Maulana', 13),
(315, 'Citra Salsabila', 13),
(316, 'Galih Cahya', 13),
(317, 'Tia Ayu', 13),
(318, 'Arif Wibowo', 13),
(319, 'Desi Kurniasih', 13),
(320, 'Hendra Pratama', 13),
(321, 'Nabila Lestari', 13),
(322, 'Andi Ramadhan', 13),
(323, 'Wulan Safitri', 13),
(324, 'Ahmad Fadhil', 14),
(325, 'Dewi Sulastri', 14),
(326, 'Rizal Setiawan', 14),
(327, 'Siti Marlina', 14),
(328, 'Budi Prasetyo', 14),
(329, 'Lilis Puspita', 14),
(330, 'Fauzan Maulana', 14),
(331, 'Putri Anggun', 14),
(332, 'Hendra Santoso', 14),
(333, 'Mega Kartika', 14),
(334, 'Dimas Saputra', 14),
(335, 'Novi Zahra', 14),
(336, 'Yudi Wibowo', 14),
(337, 'Fitriani', 14),
(338, 'Rangga Nugraha', 14),
(339, 'Salsa Ayu', 14),
(340, 'Dedi Firmansyah', 14),
(341, 'Nurul Cahya', 14),
(342, 'Ilham Ramadhan', 14),
(343, 'Rani Kartika', 14),
(344, 'Eko Nugroho', 14),
(345, 'Intan Permatasari', 14),
(346, 'Fajar Ramadhan', 14),
(347, 'Citra Amelia', 14),
(348, 'Galih Wibowo', 14),
(349, 'Tia Safitri', 14),
(350, 'Arif Nugroho', 14),
(351, 'Desi Anggraini', 14),
(352, 'Rico Septian', 14),
(353, 'Nabila Zahra', 14),
(354, 'Andi Pratama', 14),
(355, 'Wulan Lestari', 14),
(356, 'Agus Pratama', 15),
(357, 'Dewi Kartika', 15),
(358, 'Rizky Saputra', 15),
(359, 'Siti Rahmawati', 15),
(360, 'Bayu Hidayat', 15),
(361, 'Lina Ayu', 15),
(362, 'Fahmi Ramadhan', 15),
(363, 'Putri Cahya', 15),
(364, 'Heri Kurniawan', 15),
(365, 'Mega Puspita', 15),
(366, 'Andri Nugroho', 15),
(367, 'Novi Permata', 15),
(368, 'Yudi Ramadhan', 15),
(369, 'Fitri Marlina', 15),
(370, 'Rangga Setiawan', 15),
(371, 'Salsa Amelia', 15),
(372, 'Dedi Wibowo', 15),
(373, 'Nurul Aini', 15),
(374, 'Ilham Prasetyo', 15),
(375, 'Rani Safitri', 15),
(376, 'Eko Firmansyah', 15),
(377, 'Intan Lestari', 15),
(378, 'Fajar Nugraha', 15),
(379, 'Citra Anggraini', 15),
(380, 'Galih Santoso', 15),
(381, 'Tia Zahra', 15),
(382, 'Arif Kurnia', 15),
(383, 'Desi Puspitasari', 15),
(384, 'Hendra Wijaya', 15),
(385, 'Nabila Ayuningtyas', 15),
(386, 'Andi Maulana', 15),
(387, 'Wulan Fitriani', 15),
(388, 'Siti Nurhaliza', 16),
(389, 'Andi Kurniawan', 16),
(390, 'Mega Sari Putri', 16),
(391, 'Dimas Pratama', 16),
(392, 'Nanda Septiani', 16),
(393, 'Galih Saputra', 16),
(394, 'Dewi Kartika', 16),
(395, 'Ahmad Fauzi', 16),
(396, 'Yuni Anggraini', 16),
(397, 'Bima Arya Putra', 16),
(398, 'Nurul Aini', 16),
(399, 'Reza Firmansyah', 16),
(400, 'Kartika Dewi', 16),
(401, 'Fajar Nugroho', 16),
(402, 'Laila Cahyani', 16),
(403, 'Rio Hidayat', 16),
(404, 'Melati Safitri', 16),
(405, 'Arif Setiawan', 16),
(406, 'Putri Amelia', 16),
(407, 'Yoga Saputra', 16),
(408, 'Citra Maharani', 16),
(409, 'Fikri Alamsyah', 16),
(410, 'Nadia Rahmawati', 16),
(411, 'Bagus Kurniawan', 16),
(412, 'Sarah Anindya', 16),
(413, 'Rendi Saputra', 16),
(414, 'Intan Permata', 16),
(415, 'Doni Prasetyo', 16),
(416, 'Shinta Anggraini', 16),
(417, 'Akbar Pratama', 16),
(418, 'Ayu Puspitasari', 16),
(419, 'Rizal Hidayat', 16),
(420, 'Wulan Kartika', 17),
(421, 'Bayu Nugroho', 17),
(422, 'Indah Safitri', 17),
(423, 'Ardiansyah Putra', 17),
(424, 'Maya Anjani', 17),
(425, 'Taufik Hidayat', 17),
(426, 'Salsa Amelia', 17),
(427, 'Irwan Saputra', 17),
(428, 'Tiara Maharani', 17),
(429, 'Hafiz Ramadhan', 17),
(430, 'Novi Lestari', 17),
(431, 'Eko Prasetyo', 17),
(432, 'Rani Permata', 17),
(433, 'Adi Kurniawan', 17),
(434, 'Putri Cahyani', 17),
(435, 'Denny Saputra', 17),
(436, 'Dina Sari', 17),
(437, 'Rafli Maulana', 17),
(438, 'Suci Anggraini', 17),
(439, 'Ilham Firmansyah', 17),
(440, 'Aulia Rahma', 17),
(441, 'Yoga Prasetyo', 17),
(442, 'Melinda Sari', 17),
(443, 'Rian Nugroho', 17),
(444, 'Nisa Fadilah', 17),
(445, 'Arman Saputra', 17),
(446, 'Dewi Anindya', 17),
(447, 'Galang Ramadhan', 17),
(448, 'Cindy Maharani', 17),
(449, 'Hendra Saputra', 17),
(450, 'Ratna Sari Dewi', 17),
(451, 'Rico Nugraha', 17),
(452, 'Vina Kartika', 18),
(453, 'Dedi Kurniawan', 18),
(454, 'Rosa Amelia', 18),
(455, 'Iqbal Ramadhan', 18),
(456, 'Yuliana Putri', 18),
(457, 'Fahriansyah Nugroho', 18),
(458, 'Citra Anggraini', 18),
(459, 'Aldi Prasetya', 18),
(460, 'Nina Safitri', 18),
(461, 'Agus Saputra', 18),
(462, 'Mira Lestari', 18),
(463, 'Farhan Maulana', 18),
(464, 'Aisyah Putri', 18),
(465, 'Dion Pratama', 18),
(466, 'Yani Anggraini', 18),
(467, 'Kevin Hidayat', 18),
(468, 'Bella Permata', 18),
(469, 'Romi Kurniawan', 18),
(470, 'Ayu Rahmawati', 18),
(471, 'Fery Nugroho', 18),
(472, 'Cici Amelia', 18),
(473, 'Raka Pratama', 18),
(474, 'Indri Safitri', 18),
(475, 'Bagus Prasetyo', 18),
(476, 'Lina Anindya', 18),
(477, 'Fadhil Saputra', 18),
(478, 'Mega Lestari', 18),
(479, 'Rio Maulana', 18),
(480, 'Salsa Rahma', 18),
(481, 'Rizki Ramadhan', 18),
(482, 'Tania Safitri', 18),
(483, 'Johan Pratama', 18),
(516, 'Ahmad Saputra', 20),
(517, 'Budi Santoso', 20),
(518, 'Citra Lestari', 20),
(519, 'Dewi Anggraini', 20),
(520, 'Eko Prasetyo', 20),
(521, 'Fajar Nugroho', 20),
(522, 'Gita Maharani', 20),
(523, 'Hadi Firmansyah', 20),
(524, 'Indah Sari', 20),
(525, 'Joko Susanto', 20),
(526, 'Kartika Putri', 20),
(527, 'Lukman Hakim', 20),
(528, 'Maya Puspita', 20),
(529, 'Naufal Ramadhan', 20),
(530, 'Oktavia Rahayu', 20),
(531, 'Putri Amelia', 20),
(532, 'Qori Rahmawati', 20),
(533, 'Rizky Maulana', 20),
(534, 'Sinta Dewi', 20),
(535, 'Taufik Hidayat', 20),
(536, 'Umi Kalsum', 20),
(537, 'Vina Kartika', 20),
(538, 'Wahyu Adi', 20),
(539, 'Xena Putri', 20),
(540, 'Yoga Pratama', 20),
(541, 'Zahra Aulia', 20),
(542, 'Arif Setiawan', 20),
(543, 'Bella Safitri', 20),
(544, 'Cahyo Nugraha', 20),
(545, 'Dian Pertiwi', 20),
(546, 'Elang Prakoso', 20),
(547, 'Farah Nabila', 20),
(548, 'Galih Saputra', 21),
(549, 'Hani Lestari', 21),
(550, 'Imam Prasetyo', 21),
(551, 'Jihan Salsabila', 21),
(552, 'Kurniawan Putra', 21),
(553, 'Laila Fitria', 21),
(554, 'Miko Santoso', 21),
(555, 'Nadia Puspita', 21),
(556, 'Oki Ramadhan', 21),
(557, 'Putra Hidayat', 21),
(558, 'Qori Anjani', 21),
(559, 'Rina Amalia', 21),
(560, 'Satria Wibowo', 21),
(561, 'Tania Safira', 21),
(562, 'Umar Syahputra', 21),
(563, 'Vira Melati', 21),
(564, 'Wildan Pratama', 21),
(565, 'Xenia Rahman', 21),
(566, 'Yusuf Firmansyah', 21),
(567, 'Zahira Putri', 21),
(568, 'Agung Nugroho', 21),
(569, 'Bella Pratiwi', 21),
(570, 'Cindy Ayu', 21),
(571, 'Dedi Susanto', 21),
(572, 'Erlina Safitri', 21),
(573, 'Fahmi Ramadhan', 21),
(574, 'Gilang Mahardika', 21),
(575, 'Hilda Safitri', 21),
(576, 'Irfan Maulana', 21),
(577, 'Joko Pratama', 21),
(578, 'Kirana Dewi', 21),
(579, 'Lutfi Hakim', 21),
(580, 'Mega Safitri', 22),
(581, 'Niko Prasetya', 22),
(582, 'Olivia Putri', 22),
(583, 'Pandu Firmansyah', 22),
(584, 'Qaisya Lestari', 22),
(585, 'Rama Aditya', 22),
(586, 'Sari Anggraini', 22),
(587, 'Tegar Nugroho', 22),
(588, 'Ulfah Rahma', 22),
(589, 'Vino Saputra', 22),
(590, 'Wulan Anggraini', 22),
(591, 'Xavier Nugraha', 22),
(592, 'Yuli Astuti', 22),
(593, 'Zidan Pratama', 22),
(594, 'Amira Safira', 22),
(595, 'Bagus Santoso', 22),
(596, 'Clara Kartika', 22),
(597, 'Danu Firmansyah', 22),
(598, 'Evi Lestari', 22),
(599, 'Fikri Ramadhan', 22),
(600, 'Gina Puspita', 22),
(601, 'Hendra Gunawan', 22),
(602, 'Intan Permata', 22),
(603, 'Jaya Prakoso', 22),
(604, 'Kezia Anggraini', 22),
(605, 'Leo Setiawan', 22),
(606, 'Mila Sari', 22),
(607, 'Nadia Amelia', 22),
(608, 'Oscar Prasetyo', 22),
(609, 'Putri Rahman', 22),
(610, 'Qori Safitri', 22),
(611, 'Rendi Maulana', 22),
(612, 'Salsa Dewi', 23),
(613, 'Tio Prakoso', 23),
(614, 'Ulya Rahmawati', 23),
(615, 'Vicky Nugraha', 23),
(616, 'Wahyu Ramadhan', 23),
(617, 'Xenia Kartika', 23),
(618, 'Yogi Saputra', 23),
(619, 'Zahra Melani', 23),
(620, 'Aditya Nugraha', 23),
(621, 'Bella Anggraini', 23),
(622, 'Cindy Putri', 23),
(623, 'Dimas Prasetyo', 23),
(624, 'Eka Lestari', 23),
(625, 'Fira Safira', 23),
(626, 'Guntur Adi', 23),
(627, 'Hana Puspita', 23),
(628, 'Ivan Gunawan', 23),
(629, 'Jihan Amalia', 23),
(630, 'Kevin Pratama', 23),
(631, 'Larasati Dewi', 23),
(632, 'Muhammad Rizky', 23),
(633, 'Nabila Ayu', 23),
(634, 'Omar Ramadhan', 23),
(635, 'Puspa Lestari', 23),
(636, 'Qais Ramadhan', 23),
(637, 'Rania Safira', 23),
(638, 'Syahrul Hidayat', 23),
(639, 'Tiara Melati', 23),
(640, 'Ulfa Salsabila', 23),
(641, 'Vira Anggraini', 23),
(642, 'Wildan Nugroho', 23),
(643, 'Zidan Ramadhan', 23),
(644, 'Ahmad Fauzi', 24),
(645, 'Dewi Puspitasari', 24),
(646, 'Rizky Firmansyah', 24),
(647, 'Siti Maulida', 24),
(648, 'Bayu Prasetyo', 24),
(649, 'Lina Kartika', 24),
(650, 'Fahmi Ramadhan', 24),
(651, 'Putri Wulandari', 24),
(652, 'Heri Santoso', 24),
(653, 'Mega Ayuningtyas', 24),
(654, 'Andri Nugroho', 24),
(655, 'Novi Permatasari', 24),
(656, 'Yudi Kurniawan', 24),
(657, 'Fitri Marlina', 24),
(658, 'Rangga Saputra', 24),
(659, 'Salsa Amelia', 24),
(660, 'Dedi Wibowo', 24),
(661, 'Nurul Aini', 24),
(662, 'Ilham Prasetya', 24),
(663, 'Rani Safitri', 24),
(664, 'Eko Firmansyah', 24),
(665, 'Intan Lestari', 24),
(666, 'Fajar Nugraha', 24),
(667, 'Citra Anggraini', 24),
(668, 'Galih Santoso', 24),
(669, 'Tia Zahra', 24),
(670, 'Arif Kurnia', 24),
(671, 'Desi Puspitasari', 24),
(672, 'Hendra Wijaya', 24),
(673, 'Nabila Ayuningtyas', 24),
(674, 'Andi Maulana', 24),
(675, 'Wulan Fitriani', 24),
(676, 'Agus Pratama', 25),
(677, 'Dewi Kartika', 25),
(678, 'Rizky Saputra', 25),
(679, 'Siti Rahmawati', 25),
(680, 'Bayu Hidayat', 25),
(681, 'Lina Ayu', 25),
(682, 'Fahmi Ramadhan', 25),
(683, 'Putri Cahya', 25),
(684, 'Heri Kurniawan', 25),
(685, 'Mega Puspita', 25),
(686, 'Andri Nugroho', 25),
(687, 'Novi Permata', 25),
(688, 'Yudi Ramadhan', 25),
(689, 'Fitri Marlina', 25),
(690, 'Rangga Setiawan', 25),
(691, 'Salsa Amelia', 25),
(692, 'Dedi Wibowo', 25),
(693, 'Nurul Aini', 25),
(694, 'Ilham Prasetyo', 25),
(695, 'Rani Safitri', 25),
(696, 'Eko Firmansyah', 25),
(697, 'Intan Lestari', 25),
(698, 'Fajar Nugraha', 25),
(699, 'Citra Anggraini', 25),
(700, 'Galih Santoso', 25),
(701, 'Tia Zahra', 25),
(702, 'Arif Kurnia', 25),
(703, 'Desi Puspitasari', 25),
(704, 'Hendra Wijaya', 25),
(705, 'Nabila Ayuningtyas', 25),
(706, 'Andi Maulana', 25),
(707, 'Wulan Fitriani', 25),
(708, 'Ahmad Fadhil', 26),
(709, 'Dewi Sulastri', 26),
(710, 'Rizal Setiawan', 26),
(711, 'Siti Marlina', 26),
(712, 'Budi Prasetyo', 26),
(713, 'Lilis Puspita', 26),
(714, 'Fauzan Maulana', 26),
(715, 'Putri Anggun', 26),
(716, 'Hendra Santoso', 26),
(717, 'Mega Kartika', 26),
(718, 'Dimas Saputra', 26),
(719, 'Novi Zahra', 26),
(720, 'Yudi Wibowo', 26),
(721, 'Fitriani', 26),
(722, 'Rangga Nugraha', 26),
(723, 'Salsa Ayu', 26),
(724, 'Dedi Firmansyah', 26),
(725, 'Nurul Cahya', 26),
(726, 'Ilham Ramadhan', 26),
(727, 'Rani Kartika', 26),
(728, 'Eko Nugroho', 26),
(729, 'Intan Permatasari', 26),
(730, 'Fajar Ramadhan', 26),
(731, 'Citra Amelia', 26),
(732, 'Galih Wibowo', 26),
(733, 'Tia Safitri', 26),
(734, 'Arif Nugroho', 26),
(735, 'Desi Anggraini', 26),
(736, 'Rico Septian', 26),
(737, 'Nabila Zahra', 26),
(738, 'Andi Pratama', 26),
(739, 'Wulan Lestari', 26);

-- --------------------------------------------------------

--
-- Struktur dari tabel `teachers`
--

CREATE TABLE `teachers` (
  `id` int(11) NOT NULL,
  `name` varchar(100) NOT NULL,
  `username` varchar(50) NOT NULL,
  `password` varchar(255) NOT NULL
) ENGINE=InnoDB DEFAULT CHARSET=utf8mb4 COLLATE=utf8mb4_general_ci;

--
-- Dumping data untuk tabel `teachers`
--

INSERT INTO `teachers` (`id`, `name`, `username`, `password`) VALUES
(2, 'Pak Joko', 'guru1', '$2y$10$MpeTsJUsQZVJKOl1GWPpZOE2f2D1qj0c5bUuoydbDik68Kg8FIh6S'),
(4, 'Bu Indah', 'guru2', '$2y$10$dazDhgWsC/pROVBBUo6xNOqh6CrdOWNgVf4xKGK86jf4zMYLfbHV2'),
(8, 'Pak Dodi', 'guru3', '$2y$10$xjsUwuE/gFY5MwsbzEZz0uzBBDdL3pHWCLKcH7cCkcB8d6XfxKlyC');

--
-- Indexes for dumped tables
--

--
-- Indeks untuk tabel `classes`
--
ALTER TABLE `classes`
  ADD PRIMARY KEY (`id`),
  ADD KEY `teacher_id` (`teacher_id`);

--
-- Indeks untuk tabel `mapel`
--
ALTER TABLE `mapel`
  ADD PRIMARY KEY (`id`);

--
-- Indeks untuk tabel `students`
--
ALTER TABLE `students`
  ADD PRIMARY KEY (`id`),
  ADD KEY `class_id` (`class_id`);

--
-- Indeks untuk tabel `teachers`
--
ALTER TABLE `teachers`
  ADD PRIMARY KEY (`id`),
  ADD UNIQUE KEY `username` (`username`);

--
-- AUTO_INCREMENT untuk tabel yang dibuang
--

--
-- AUTO_INCREMENT untuk tabel `classes`
--
ALTER TABLE `classes`
  MODIFY `id` int(11) NOT NULL AUTO_INCREMENT, AUTO_INCREMENT=78;

--
-- AUTO_INCREMENT untuk tabel `mapel`
--
ALTER TABLE `mapel`
  MODIFY `id` int(11) NOT NULL AUTO_INCREMENT, AUTO_INCREMENT=11;

--
-- AUTO_INCREMENT untuk tabel `students`
--
ALTER TABLE `students`
  MODIFY `id` int(11) NOT NULL AUTO_INCREMENT, AUTO_INCREMENT=2308;

--
-- AUTO_INCREMENT untuk tabel `teachers`
--
ALTER TABLE `teachers`
  MODIFY `id` int(11) NOT NULL AUTO_INCREMENT, AUTO_INCREMENT=10;

--
-- Ketidakleluasaan untuk tabel pelimpahan (Dumped Tables)
--

--
-- Ketidakleluasaan untuk tabel `classes`
--
ALTER TABLE `classes`
  ADD CONSTRAINT `classes_ibfk_1` FOREIGN KEY (`teacher_id`) REFERENCES `teachers` (`id`) ON DELETE CASCADE;

--
-- Ketidakleluasaan untuk tabel `students`
--
ALTER TABLE `students`
  ADD CONSTRAINT `students_ibfk_1` FOREIGN KEY (`class_id`) REFERENCES `classes` (`id`) ON DELETE CASCADE;
COMMIT;

/*!40101 SET CHARACTER_SET_CLIENT=@OLD_CHARACTER_SET_CLIENT */;
/*!40101 SET CHARACTER_SET_RESULTS=@OLD_CHARACTER_SET_RESULTS */;
/*!40101 SET COLLATION_CONNECTION=@OLD_COLLATION_CONNECTION */;
